initial_state,final_state,sum_A_if,lifetime,branching_ratio
"['A', 0]","['X', 10]",6156700.0,1.6242467555671056e-07,0.1786626733115279
"['A', 0]","['X', 9]",6095600.0,1.6405275936741255e-07,0.17688959855730335
"['A', 0]","['X', 11]",5041100.0,1.9836940350320367e-07,0.14628882395288764
"['A', 0]","['X', 8]",5001800.0,1.9992802591067215e-07,0.14514836834174155
"['A', 0]","['X', 7]",3441100.0,2.906047484815902e-07,0.09985806115813645
"['A', 0]","['X', 12]",3222200.0,3.1034696791012354e-07,0.09350575242327955
"['A', 0]","['X', 6]",1991480.0,5.021391126197602e-07,0.05779120968155693
"['A', 0]","['X', 13]",1507240.0,6.634643454260768e-07,0.04373893932172549
"['A', 0]","['X', 5]",965260.0,1.0359903031307626e-06,0.02801109880953846
"['A', 0]","['X', 14]",457990.0,2.183453787200594e-06,0.01329051565773006
"['A', 0]","['X', 4]",386290.0,2.588728675347537e-06,0.011209837099990273
"['A', 0]","['X', 3]",124070.0,8.059966148142177e-06,0.0036004154624654874
"['A', 0]","['X', 15]",69082.0,1.4475550794707738e-05,0.002004706222116876
"['A', 1]","['X', 6]",5527200.0,1.8092343320306847e-07,0.151364345333186
"['A', 1]","['X', 7]",5359300.0,1.8659153247625622e-07,0.14676634388915613
"['A', 1]","['X', 13]",4301900.0,2.3245542667193566e-07,0.11780906737386612
"['A', 1]","['X', 5]",4162800.0,2.4022292687614107e-07,0.11399976421207604
"['A', 1]","['X', 12]",3837900.0,2.605591599572683e-07,0.10510226171555843
"['A', 1]","['X', 8]",3368400.0,2.9687685548034674e-07,0.09224483659362855
"['A', 1]","['X', 14]",2692800.0,3.7136066547831256e-07,0.0737432893894202
"['A', 1]","['X', 4]",2378700.0,4.203976962206247e-07,0.06514154874874249
"['A', 1]","['X', 11]",1604220.0,6.233558988168705e-07,0.04393213744217753
"['A', 1]","['X', 3]",1029730.0,9.711283540345526e-07,0.028199523686485314
"['A', 1]","['X', 9]",882980.0,1.1325284830913498e-06,0.02418072254347528
"['A', 1]","['X', 15]",853610.0,1.1714951792973373e-06,0.02337641460773283
"['A', 1]","['X', 2]",325300.0,3.0740854595757764e-06,0.008908456639326495
"['A', 1]","['X', 16]",83098.0,1.2033983970733351e-05,0.0022756683978320106
"['A', 1]","['X', 1]",68066.0,1.4691622836658537e-05,0.001864011711074077
"['A', 1]","['X', 10]",39861.0,2.5087177943353153e-05,0.0010916077162625066
"['A', 2]","['X', 5]",5774500.0,1.7317516668109793e-07,0.15226484363366963
"['A', 2]","['X', 4]",5422400.0,1.8442018294482148e-07,0.14298049841877397
"['A', 2]","['X', 14]",4179500.0,2.392630697451848e-07,0.11020710260055802
"['A', 2]","['X', 6]",3643500.0,2.7446136956223413e-07,0.09607359213425844
"['A', 2]","['X', 3]",3414200.0,2.9289438228574777e-07,0.09002729745156722
"['A', 2]","['X', 15]",3327000.0,3.0057108506161706e-07,0.08772796515182595
"['A', 2]","['X', 10]",3133500.0,3.1913196106590074e-07,0.08262566239953309
"['A', 2]","['X', 9]",2031050.0,4.923561704537062e-07,0.053555720956301796
"['A', 2]","['X', 13]",1778320.0,5.623284898106078e-07,0.04689161256050349
"['A', 2]","['X', 11]",1478990.0,6.761370935570896e-07,0.03899873254580675
"['A', 2]","['X', 2]",1458120.0,6.858146105944642e-07,0.03844842216627004
"['A', 2]","['X', 16]",906670.0,1.1029371215547002e-06,0.023907518534477316
"['A', 2]","['X', 7]",780940.0,1.2805081056163085e-06,0.020592208327522378
"['A', 2]","['X', 1]",392710.0,2.546408291105396e-06,0.010355169580635277
"['A', 2]","['X', 8]",151040.0,6.620762711864407e-06,0.003982696680652777
"['A', 2]","['X', 0]",51613.0,1.9374963671943114e-05,0.001360956857643881
"['A', 3]","['X', 3]",5988100.0,1.669978791269351e-07,0.15418169803689138
"['A', 3]","['X', 4]",5624700.0,1.7778725976496524e-07,0.14482486881449927
"['A', 3]","['X', 15]",4137700.0,2.4168016047562655e-07,0.10653756817141423
"['A', 3]","['X', 2]",3714100.0,2.6924423144234135e-07,0.0956307083513666
"['A', 3]","['X', 16]",3568000.0,2.8026905829596414e-07,0.0918689231301462
"['A', 3]","['X', 8]",3087700.0,3.2386566052401464e-07,0.07950215077044631
"['A', 3]","['X', 12]",2467200.0,4.053177691309987e-07,0.06352550648730289
"['A', 3]","['X', 5]",2423400.0,4.126433935792688e-07,0.062397743361433944
"['A', 3]","['X', 9]",1857850.0,5.382565869149824e-07,0.04783595258894118
"['A', 3]","['X', 1]",1338480.0,7.471161317315164e-07,0.03446320522175956
"['A', 3]","['X', 11]",1316370.0,7.596648358744123e-07,0.033893916575344886
"['A', 3]","['X', 7]",1230180.0,8.128891706904681e-07,0.03167469502697401
"['A', 3]","['X', 14]",750340.0,1.33272916277954e-06,0.019319766754897397
"['A', 3]","['X', 13]",535470.0,1.8675182549909426e-06,0.013787290433996466
"['A', 3]","['X', 17]",527310.0,1.896417667026986e-06,0.013577186618766087
"['A', 3]","['X', 0]",223590.0,4.472471935238606e-06,0.005756999025411825
"['A', 3]","['X', 6]",47453.0,2.1073483236044085e-05,0.0012218206304077433
"['A', 4]","['X', 2]",6100000.0,1.6393442622950818e-07,0.15476075674153714
"['A', 4]","['X', 3]",5952000.0,1.6801075268817203e-07,0.1510059055943654
"['A', 4]","['X', 16]",4717600.0,2.1197218924877057e-07,0.11968841737768451
"['A', 4]","['X', 17]",3142100.0,3.182584895452086e-07,0.07971701209140718
"['A', 4]","['X', 7]",3122400.0,3.202664616961312e-07,0.0792172109589796
"['A', 4]","['X', 1]",3110500.0,3.214917215881691e-07,0.0789153006302543
"['A', 4]","['X', 10]",2238900.0,4.466479074545536e-07,0.05680227184731598
"['A', 4]","['X', 4]",2187500.0,4.5714285714285715e-07,0.05549822219214959
"['A', 4]","['X', 6]",1991430.0,5.021517201207173e-07,0.050523805540622836
"['A', 4]","['X', 13]",1935580.0,5.166410068299941e-07,0.04910685664488269
"['A', 4]","['X', 11]",1324580.0,7.54956288030923e-07,0.03360541035486971
"['A', 4]","['X', 14]",1104780.0,9.051575879360596e-07,0.028028948989002524
"['A', 4]","['X', 8]",837670.0,1.1937875296954647e-06,0.021252203786833346
"['A', 4]","['X', 0]",679330.0,1.4720386262935539e-06,0.01723502047167679
"['A', 4]","['X', 15]",492530.0,2.0303331776744566e-06,0.012495789429165457
"['A', 4]","['X', 9]",297390.0,3.3625878476075186e-06,0.007544967450387824
"['A', 4]","['X', 19]",120711.0,8.284249157077649e-06,0.0030625124109881457
"['A', 4]","['X', 12]",60676.0,1.6480980947986022e-05,0.0015393874878769683
"['A', 5]","['X', 2]",6788000.0,1.473187978786093e-07,0.17095464899054025
"['A', 5]","['X', 17]",5850800.0,1.7091679770287824e-07,0.14735142314582395
"['A', 5]","['X', 1]",5341300.0,1.8722033961769607e-07,0.134519750538181
"['A', 5]","['X', 6]",3134400.0,3.1904032669729456e-07,0.07893934174955058
"['A', 5]","['X', 3]",2989700.0,3.3448172057397065e-07,0.07529509635931322
"['A', 5]","['X', 9]",2404700.0,4.1585228926685244e-07,0.06056196883140132
"['A', 5]","['X', 5]",2138790.0,4.675540843187036e-07,0.05386506978704737
"['A', 5]","['X', 12]",1968890.0,5.079003905754004e-07,0.04958616659560766
"['A', 5]","['X', 0]",1580760.0,6.326071003820947e-07,0.03981117721542227
"['A', 5]","['X', 18]",1448550.0,6.903455179317248e-07,0.036481490394114184
"['A', 5]","['X', 15]",1199560.0,8.336390009670213e-07,0.03021071873056754
"['A', 5]","['X', 14]",1188380.0,8.414816809438059e-07,0.029929152293367445
"['A', 5]","['X', 16]",795000.0,1.2578616352201258e-06,0.02002194253793157
"['A', 5]","['X', 8]",716910.0,1.3948752284108187e-06,0.018055258899205687
"['A', 5]","['X', 10]",602450.0,1.6598887874512408e-06,0.015172602870411164
"['A', 5]","['X', 11]",540130.0,1.8514061429655824e-06,0.013603084054104377
"['A', 5]","['X', 7]",500490.0,1.998041918919459e-06,0.012604757258879712
"['A', 5]","['X', 19]",324900.0,3.0778701138811943e-06,0.008182552365501845
"['A', 5]","['X', 13]",192727.0,5.1886865877640395e-06,0.0048537973830288525
"['A', 6]","['X', 1]",7105400.0,1.4073803023052889e-07,0.18060566519307858
"['A', 6]","['X', 18]",5883000.0,1.6998130205677376e-07,0.14953459739506308
"['A', 6]","['X', 2]",5022200.0,1.9911592529170482e-07,0.12765470933834538
"['A', 6]","['X', 5]",3418200.0,2.925516353636417e-07,0.08688410008767715
"['A', 6]","['X', 0]",2985800.0,3.349186147766093e-07,0.07589331988818279
"['A', 6]","['X', 8]",2455200.0,4.072987943955686e-07,0.06240648368593556
"['A', 6]","['X', 17]",2174850.0,4.5980182541324686e-07,0.05528052339701733
"['A', 6]","['X', 11]",1785890.0,5.599449014217001e-07,0.04539390483458596
"['A', 6]","['X', 4]",1626240.0,6.149153876426604e-07,0.04133590747369495
"['A', 6]","['X', 13]",1476920.0,6.770847439265498e-07,0.03754047893671878
"['A', 6]","['X', 16]",851190.0,1.1748258320703955e-06,0.021635620254411653
"['A', 6]","['X', 10]",845750.0,1.182382500738989e-06,0.0214973458689231
"['A', 6]","['X', 7]",769030.0,1.3003393885804194e-06,0.019547270344165455
"['A', 6]","['X', 15]",752280.0,1.3292922847875792e-06,0.01912151741090567
"['A', 6]","['X', 6]",630150.0,1.5869237483138934e-06,0.016017206620516575
"['A', 6]","['X', 14]",626610.0,1.5958889899618582e-06,0.015927226597606745
"['A', 6]","['X', 9]",397610.0,2.515027288046075e-06,0.01010648500259239
"['A', 6]","['X', 3]",296480.0,3.3729087965461415e-06,0.007535954009126008
"['A', 6]","['X', 20]",239266.0,4.179448814290372e-06,0.006081683661452858
"['A', 7]","['X', 1]",7498700.0,1.3335644845106485e-07,0.19288914118017894
"['A', 7]","['X', 18]",5364700.0,1.864037131619662e-07,0.13799623610616588
"['A', 7]","['X', 0]",4770500.0,2.096216329525207e-07,0.12271162308133991
"['A', 7]","['X', 4]",3604600.0,2.774232924596349e-07,0.09272116477497074
"['A', 7]","['X', 7]",2558500.0,3.908540160250147e-07,0.06581232316394679
"['A', 7]","['X', 2]",2100800.0,4.7600913937547603e-07,0.054038901115035926
"['A', 7]","['X', 19]",1916700.0,5.217300568685762e-07,0.04930329482444277
"['A', 7]","['X', 10]",1794330.0,5.573110854748012e-07,0.04615556999130922
"['A', 7]","['X', 12]",1518130.0,6.587051174800577e-07,0.03905087440487885
"['A', 7]","['X', 5]",1333100.0,7.501312729727702e-07,0.03429134571423
"['A', 7]","['X', 20]",1228520.0,8.139875622700486e-07,0.03160123324345199
"['A', 7]","['X', 15]",828650.0,1.2067821154890485e-06,0.02131537290983174
"['A', 7]","['X', 14]",826980.0,1.2092190863140584e-06,0.02127241548177476
"['A', 7]","['X', 9]",812960.0,1.2300728203109625e-06,0.020911778870182602
"['A', 7]","['X', 16]",585660.0,1.707475326981525e-06,0.015064938512486643
"['A', 7]","['X', 8]",538570.0,1.8567688508457582e-06,0.013853641933322973
"['A', 7]","['X', 3]",502420.0,1.990366625532423e-06,0.012923755092448757
"['A', 7]","['X', 13]",473510.0,2.1118878165191866e-06,0.012180102849857512
"['A', 7]","['X', 6]",421690.0,2.3714102776921434e-06,0.01084713642955041
"['A', 7]","['X', 17]",196678.0,5.0844527603494036e-06,0.0050591503205936
"['A', 8]","['X', 0]",6645200.0,1.5048456028411484e-07,0.17771057634926604
"['A', 8]","['X', 19]",6469600.0,1.5456906145665883e-07,0.17301455859104492
"['A', 8]","['X', 1]",6280000.0,1.592356687898089e-07,0.1679441430616672
"['A', 8]","['X', 4]",2787000.0,3.5880875493362036e-07,0.07453189915809975
"['A', 8]","['X', 3]",2642200.0,3.7847248505033683e-07,0.0706595564964231
"['A', 8]","['X', 6]",2405900.0,4.156448730204913e-07,0.06434025697325878
"['A', 8]","['X', 9]",1985700.0,5.036007453291031e-07,0.053102975298973336
"['A', 8]","['X', 11]",1418100.0,7.051688879486637e-07,0.037923819948367875
"['A', 8]","['X', 7]",1106660.0,9.036199013247068e-07,0.029595074102010288
"['A', 8]","['X', 14]",911190.0,1.0974659511188666e-06,0.024367678935726198
"['A', 8]","['X', 16]",782250.0,1.278363694471077e-06,0.02091947546337407
"['A', 8]","['X', 20]",691580.0,1.4459643136007404e-06,0.0184947150411764
"['A', 8]","['X', 13]",691490.0,1.4461525112438358e-06,0.018492308198361822
"['A', 8]","['X', 12]",597850.0,1.6726603663126203e-06,0.01598812196328308
"['A', 8]","['X', 17]",473710.0,2.110996179096916e-06,0.012668283441041778
"['A', 8]","['X', 8]",462380.0,2.162723301180847e-06,0.012365288673384343
"['A', 8]","['X', 15]",448620.0,2.229058000089162e-06,0.011997309149733302
"['A', 8]","['X', 18]",358490.0,2.7894780886496136e-06,0.0095869897844231
"['A', 8]","['X', 2]",180595.0,5.537251861900938e-06,0.004829597534430221
"['A', 8]","['X', 10]",54870.0,1.822489520685256e-05,0.0014673718359544073
"['A', 9]","['X', 0]",8260100.0,1.2106390963789786e-07,0.2500731795786792
"['A', 9]","['X', 1]",4026100.0,2.483793249049949e-07,0.12188952050238136
"['A', 9]","['X', 3]",3932000.0,2.54323499491353e-07,0.11904065835805458
"['A', 9]","['X', 19]",3422400.0,2.92192613370734e-07,0.10361260151693946
"['A', 9]","['X', 6]",2142700.0,4.6670089139870256e-07,0.06486989284430406
"['A', 9]","['X', 8]",2061630.0,4.850530890605977e-07,0.0624155118236816
"['A', 9]","['X', 5]",1436760.0,6.960104679974387e-07,0.04349767454285821
"['A', 9]","['X', 13]",1182940.0,8.453514125822104e-07,0.03581331546237972
"['A', 9]","['X', 10]",1071810.0,9.330011849115048e-07,0.0324488728470871
"['A', 9]","['X', 15]",1036210.0,9.650553459240888e-07,0.031371088656459746
"['A', 9]","['X', 11]",985900.0,1.014301653311695e-06,0.029847961616278233
"['A', 9]","['X', 4]",643780.0,1.5533256702600268e-06,0.01949033444500213
"['A', 9]","['X', 17]",614220.0,1.6280811435641953e-06,0.018595410268739645
"['A', 9]","['X', 20]",435685.0,2.2952362371897126e-06,0.013190292277906666
"['A', 9]","['X', 12]",383410.0,2.608174017370439e-06,0.011607675183382937
"['A', 9]","['X', 2]",371040.0,2.6951272100043123e-06,0.011233175451976747
"['A', 9]","['X', 9]",358860.0,2.7866020174998605e-06,0.010864427939565479
"['A', 9]","['X', 16]",323710.0,3.089184764140743e-06,0.009800267425505048
"['A', 9]","['X', 14]",179206.0,5.580170306797764e-06,0.005425432406336096
"['A', 9]","['X', 18]",123391.0,8.104318791483982e-06,0.003735642389485939
"['A', 9]","['X', 7]",38879.3,2.5720627686198053e-05,0.00117706446299601
"['A', 10]","['X', 0]",9330700.0,1.0717309526616438e-07,0.29854632700556355
"['A', 10]","['X', 3]",3098300.0,3.227576412871575e-07,0.09913362180343784
"['A', 10]","['X', 5]",2799800.0,3.5716836916922636e-07,0.08958277582069692
"['A', 10]","['X', 20]",2233440.0,4.477398094419371e-07,0.07146144539930614
"['A', 10]","['X', 2]",2066920.0,4.83811661796296e-07,0.06613344917469637
"['A', 10]","['X', 1]",1742190.0,5.739902077270562e-07,0.05574334459856417
"['A', 10]","['X', 10]",1540770.0,6.490261362825081e-07,0.04929868329925537
"['A', 10]","['X', 7]",1474750.0,6.780810306831666e-07,0.047186298536171435
"['A', 10]","['X', 12]",1442110.0,6.934283792498491e-07,0.04614194472418931
"['A', 10]","['X', 14]",1241320.0,8.05594045048819e-07,0.039717440989266196
"['A', 10]","['X', 8]",1182450.0,8.457017210030022e-07,0.0378338285838928
"['A', 10]","['X', 16]",943850.0,1.059490385124755e-06,0.030199551024489173
"['A', 10]","['X', 18]",537060.0,1.8619893494209213e-06,0.01718384369678673
"['A', 10]","['X', 9]",428050.0,2.3361756804111668e-06,0.013695945135384427
"['A', 10]","['X', 17]",396330.0,2.523149900335579e-06,0.012681027766632191
"['A', 10]","['X', 6]",347210.0,2.880101379568561e-06,0.011109377667227723
"['A', 10]","['X', 19]",309171.0,3.234456013015451e-06,0.00989227672807368
"['A', 10]","['X', 4]",89177.0,1.1213653744799668e-05,0.002853319236860593
"['A', 10]","['X', 11]",50177.9,1.9929092289633484e-05,0.001605498809505446
"['A', 11]","['X', 0]",9719900.0,1.0288171689009147e-07,0.3241425308055291
"['A', 11]","['X', 2]",3781300.0,2.64459312934705e-07,0.1261000783685992
"['A', 11]","['X', 7]",2134000.0,4.6860356138706653e-07,0.07116535774431827
"['A', 11]","['X', 5]",2014800.0,4.963271788763152e-07,0.0671902356060227
"['A', 11]","['X', 9]",1739080.0,5.75016675483589e-07,0.057995431277408166
"['A', 11]","['X', 4]",1456460.0,6.86596267662689e-07,0.048570523402197655
"['A', 11]","['X', 11]",1283870.0,7.788950594686377e-07,0.04281493338669068
"['A', 11]","['X', 3]",1213810.0,8.2385216796698e-07,0.040478548680239444
"['A', 11]","['X', 13]",1043530.0,9.582858183281747e-07,0.034799993330331985
"['A', 11]","['X', 15]",1022080.0,9.783969943644333e-07,0.0340846714354793
"['A', 11]","['X', 20]",952670.0,1.0496814216885174e-06,0.03176996315008421
"['A', 11]","['X', 19]",950470.0,1.0521110608435827e-06,0.031696596801894183
"['A', 11]","['X', 18]",811180.0,1.232772011144259e-06,0.027051506511263403
"['A', 11]","['X', 17]",711320.0,1.4058370353708598e-06,0.023721341270238273
"['A', 11]","['X', 1]",295810.0,3.380548324938305e-06,0.00986477248094976
"['A', 11]","['X', 6]",272025.0,3.676132708390773e-06,0.009071582211995399
"['A', 11]","['X', 12]",263440.0,3.795930762222897e-06,0.008785286712353893
"['A', 11]","['X', 14]",167803.0,5.95936902200795e-06,0.005595951511513515
"['A', 11]","['X', 10]",152952.0,6.537998849312202e-06,0.005100695312890801
"['A', 12]","['X', 0]",9449000.0,1.0583130489998941e-07,0.31783058509721346
"['A', 12]","['X', 2]",4371800.0,2.287387346173201e-07,0.1470517252543124
"['A', 12]","['X', 4]",2833700.0,3.5289550764018776e-07,0.09531553910360607
"['A', 12]","['X', 19]",2274310.0,4.396937972396023e-07,0.07649965901073591
"['A', 12]","['X', 6]",1714920.0,5.831175798287966e-07,0.05768377891786573
"['A', 12]","['X', 9]",1073020.0,9.319490783023615e-07,0.03609255735220785
"['A', 12]","['X', 11]",1054980.0,9.478852679671653e-07,0.03548575623514216
"['A', 12]","['X', 20]",974470.0,1.0261988568144735e-06,0.03277768761347038
"['A', 12]","['X', 8]",923420.0,1.0829308440363e-06,0.031060548088736255
"['A', 12]","['X', 7]",845410.0,1.1828580215516732e-06,0.028436570530959385
"['A', 12]","['X', 13]",834220.0,1.1987245570712762e-06,0.028060178928965757
"['A', 12]","['X', 16]",798730.0,1.2519875302041992e-06,0.02686642218591357
"['A', 12]","['X', 10]",500410.0,1.9983613436981676e-06,0.016832003713461382
"['A', 12]","['X', 14]",487220.0,2.0524609006198433e-06,0.01638833926035182
"['A', 12]","['X', 5]",421030.0,2.375127663111892e-06,0.014161944252670101
"['A', 12]","['X', 15]",395470.0,2.5286368118947074e-06,0.01330219721540851
"['A', 12]","['X', 12]",372110.0,2.6873773884066538e-06,0.012516450314374442
"['A', 12]","['X', 18]",291020.0,3.4361899525805786e-06,0.009788872565879042
"['A', 12]","['X', 1]",58191.0,1.7184788025639703e-05,0.001957337239643555
"['A', 12]","['X', 3]",56244.0,1.7779674276367258e-05,0.0018918471190821965
"['A', 13]","['X', 0]",8656700.0,1.1551746046414916e-07,0.2953373735398695
"['A', 13]","['X', 2]",3647900.0,2.741303215548672e-07,0.12445403039681287
"['A', 13]","['X', 20]",3531300.0,2.8318183105371957e-07,0.12047603211169859
"['A', 13]","['X', 4]",2746800.0,3.6405999708752003e-07,0.09371154107677447
"['A', 13]","['X', 6]",2268700.0,4.407810640454886e-07,0.07740038344287106
"['A', 13]","['X', 8]",1849360.0,5.407276030626811e-07,0.06309391859827568
"['A', 13]","['X', 10]",1513830.0,6.605761545219741e-07,0.05164676795844382
"['A', 13]","['X', 12]",1282560.0,7.79690618762475e-07,0.043756616471322216
"['A', 13]","['X', 14]",1043890.0,9.579553401220434e-07,0.035614001971251676
"['A', 13]","['X', 1]",881590.0,1.134314136957089e-06,0.03007687399806087
"['A', 13]","['X', 17]",667070.0,1.499093048705533e-06,0.022758175952411513
"['A', 13]","['X', 16]",478330.0,2.0906069031839943e-06,0.016319004457278845
"['A', 13]","['X', 3]",399850.0,2.5009378516943856e-06,0.01364153185508529
"['A', 13]","['X', 15]",162952.0,6.136776474053709e-06,0.005559372011629006
"['A', 13]","['X', 5]",90295.0,1.1074810343872861e-05,0.003080560507327563
"['A', 13]","['X', 19]",90097.3,1.10991117380876e-05,0.0030738156508870224
"['A', 14]","['X', 0]",7535800.0,1.326999124180578e-07,0.2748019960052152
"['A', 14]","['X', 1]",2305700.0,4.3370776770611963e-07,0.08408011918963146
"['A', 14]","['X', 2]",2191500.0,4.563084645220169e-07,0.07991567905802027
"['A', 14]","['X', 20]",2176990.0,4.5934983624178337e-07,0.07938655448438035
"['A', 14]","['X', 3]",1711890.0,5.841496825146475e-07,0.06242612449127735
"['A', 14]","['X', 4]",1476340.0,6.773507457631711e-07,0.05383651089231925
"['A', 14]","['X', 6]",1274590.0,7.845660173075264e-07,0.0464794548804755
"['A', 14]","['X', 5]",1160180.0,8.619352169490941e-07,0.04230735684669585
"['A', 14]","['X', 8]",1112040.0,8.992482284809899e-07,0.04055187394007796
"['A', 14]","['X', 15]",920560.0,1.086295298513948e-06,0.0335693258104728
"['A', 14]","['X', 10]",893320.0,1.1194196928312363e-06,0.032575986500620886
"['A', 14]","['X', 7]",805480.0,1.2414957540845211e-06,0.02937279542215568
"['A', 14]","['X', 13]",771930.0,1.2954542510331248e-06,0.02814935438524188
"['A', 14]","['X', 18]",639240.0,1.5643576747387523e-06,0.023310654200798028
"['A', 14]","['X', 9]",627400.0,1.5938795027095952e-06,0.022878894383299986
"['A', 14]","['X', 11]",619300.0,1.6147263038914903e-06,0.02258351815680217
"['A', 14]","['X', 12]",573360.0,1.744104925352309e-06,0.020908260891949124
"['A', 14]","['X', 17]",410070.0,2.4386080425293244e-06,0.014953694962957962
"['A', 14]","['X', 14]",167995.0,5.952558111848567e-06,0.00612613940376551
"['A', 14]","['X', 16]",48968.8,2.0421166130270703e-05,0.0017857060938427484
"['A', 15]","['X', 0]",6276500.0,1.5932446427148888e-07,0.24468612512561144
"['A', 15]","['X', 1]",3813900.0,2.621987991295e-07,0.14868293039378147
"['A', 15]","['X', 3]",2930400.0,3.4125034125034126e-07,0.11424013718921242
"['A', 15]","['X', 5]",2250500.0,4.4434570095534326e-07,0.08773458529358537
"['A', 15]","['X', 7]",1827410.0,5.472225718366431e-07,0.07124063919633451
"['A', 15]","['X', 9]",1540680.0,6.490640496404185e-07,0.06006261758281319
"['A', 15]","['X', 11]",1321160.0,7.569105937206697e-07,0.05150474325993034
"['A', 15]","['X', 13]",1014190.0,9.860085388339463e-07,0.03953767565381086
"['A', 15]","['X', 19]",927380.0,1.0783066272725313e-06,0.03615343244148642
"['A', 15]","['X', 2]",808710.0,1.2365372012216987e-06,0.031527143511564285
"['A', 15]","['X', 20]",784470.0,1.2747460068581336e-06,0.030582159575764902
"['A', 15]","['X', 16]",711010.0,1.4064499796064753e-06,0.02771835924887453
"['A', 15]","['X', 15]",413440.0,2.418730650154799e-06,0.016117745809277908
"['A', 15]","['X', 4]",278550.0,3.590019745108598e-06,0.010859128519674828
"['A', 15]","['X', 14]",252672.0,3.957700101317123e-06,0.009850287996134547
"['A', 15]","['X', 18]",222787.0,4.488592242814886e-06,0.008685236637992448
"['A', 15]","['X', 6]",160736.0,6.221381644435596e-06,0.006266210309597751
"['A', 15]","['X', 8]",89600.0,1.1160714285714286e-05,0.0034930099277072865
"['A', 15]","['X', 17]",27134.7,3.685318061375287e-05,0.0010578323268455236
"['A', 16]","['X', 0]",5032000.0,1.987281399046105e-07,0.1951361939143745
"['A', 16]","['X', 1]",5015400.0,1.993858914543207e-07,0.194492461637153
"['A', 16]","['X', 3]",3318000.0,3.0138637733574445e-07,0.1286688973386118
"['A', 16]","['X', 20]",2502800.0,3.995525011986575e-07,0.09705621345963762
"['A', 16]","['X', 5]",2287500.0,4.371584699453552e-07,0.08870708338218039
"['A', 16]","['X', 7]",1676770.0,5.963847158525021e-07,0.06502355243835567
"['A', 16]","['X', 9]",1183110.0,8.452299448064846e-07,0.04587988521105637
"['A', 16]","['X', 14]",940390.0,1.0633885940939397e-06,0.0364674335045983
"['A', 16]","['X', 12]",739140.0,1.3529236680466487e-06,0.028663149119608662
"['A', 16]","['X', 11]",693110.0,1.4427724315043787e-06,0.026878149317168545
"['A', 16]","['X', 17]",552950.0,1.8084817795460711e-06,0.021442877270459737
"['A', 16]","['X', 16]",519360.0,1.9254467036352433e-06,0.020140288885407302
"['A', 16]","['X', 10]",471500.0,2.1208907741251327e-06,0.018284323416261444
"['A', 16]","['X', 8]",292500.0,3.418803418803419e-06,0.01134287295706569
"['A', 16]","['X', 13]",197596.0,5.060831190914796e-06,0.00766258572589522
"['A', 16]","['X', 6]",169080.0,5.914360066240833e-06,0.006556762254976639
"['A', 16]","['X', 2]",69569.0,1.4374218401874399e-05,0.0026978199273507792
"['A', 16]","['X', 4]",55607.0,1.7983347420288814e-05,0.0021563867915335103
"['A', 16]","['X', 18]",38988.6,2.56485229015661e-05,0.0015119409797396625
"['A', 16]","['X', 15]",31747.1,3.149894006066696e-05,0.0012311224685649918
"['A', 17]","['X', 1]",5713400.0,1.7502712920502677e-07,0.2377740853123214
"['A', 17]","['X', 0]",3903800.0,2.56160663968441e-07,0.1624641149302062
"['A', 17]","['X', 3]",2793400.0,3.579866828953963e-07,0.11625269190174652
"['A', 17]","['X', 5]",1386380.0,7.213029616699606e-07,0.05769685938238109
"['A', 17]","['X', 20]",1337400.0,7.477194556602363e-07,0.05565846285866535
"['A', 17]","['X', 10]",1279050.0,7.818302646495446e-07,0.05323011583623143
"['A', 17]","['X', 8]",1236250.0,8.088978766430738e-07,0.051448911850624376
"['A', 17]","['X', 12]",1123400.0,8.901548869503294e-07,0.04675244293063007
"['A', 17]","['X', 6]",1085130.0,9.215485702173933e-07,0.04515976357247161
"['A', 17]","['X', 4]",789090.0,1.2672825659937396e-06,0.032839491892585795
"['A', 17]","['X', 7]",684340.0,1.461261945816407e-06,0.028480119988559177
"['A', 17]","['X', 15]",627420.0,1.59382869529183e-06,0.026111285155364
"['A', 17]","['X', 14]",580190.0,1.723573312190834e-06,0.024145718233863505
"['A', 17]","['X', 17]",482870.0,2.070950773500114e-06,0.02009556001238503
"['A', 17]","['X', 18]",467020.0,2.141235921373817e-06,0.019435931900892697
"['A', 17]","['X', 9]",243117.0,4.113245885725802e-06,0.01011777965815025
"['A', 17]","['X', 2]",137496.0,7.272938849130157e-06,0.00572215942067822
"['A', 17]","['X', 13]",133899.0,7.468315670766772e-06,0.005572463375439234
"['A', 17]","['X', 19]",25038.9,3.993785669498261e-05,0.0010420417868041243
"['A', 18]","['X', 1]",5886300.0,1.6988600648964546e-07,0.26205140058333337
"['A', 18]","['X', 0]",2944400.0,3.3962776796630893e-07,0.13108134887409184
"['A', 18]","['X', 6]",1885490.0,5.303661117269251e-07,0.08393987654143847
"['A', 18]","['X', 4]",1843080.0,5.425700457929119e-07,0.08205183143691795
"['A', 18]","['X', 3]",1759440.0,5.68362660846633e-07,0.07832827348968624
"['A', 18]","['X', 8]",1627080.0,6.145979300341717e-07,0.07243575639385184
"['A', 18]","['X', 10]",1143480.0,8.745233847553084e-07,0.050906432825209395
"['A', 18]","['X', 2]",842600.0,1.1868027533823879e-06,0.037511596441145836
"['A', 18]","['X', 13]",815270.0,1.2265875108859641e-06,0.03629489583500233
"['A', 18]","['X', 15]",745170.0,1.34197565656159e-06,0.03317412333259986
"['A', 18]","['X', 19]",504340.0,1.982789388111195e-06,0.02245264484824055
"['A', 18]","['X', 12]",497250.0,2.0110608345902466e-06,0.022137006088725097
"['A', 18]","['X', 5]",389740.0,2.5658131061733465e-06,0.017350782811502704
"['A', 18]","['X', 11]",389110.0,2.56996736141451e-06,0.017322735925960425
"['A', 18]","['X', 16]",359090.0,2.784817176752346e-06,0.015986279570437998
"['A', 18]","['X', 20]",358590.0,2.7887001868429127e-06,0.01596402013746794
"['A', 18]","['X', 18]",350410.0,2.8537998344796097e-06,0.015599855814077749
"['A', 18]","['X', 9]",68259.0,1.4650082772967668e-05,0.0030388132702067095
"['A', 18]","['X', 7]",27026.2,3.7001132234646376e-05,0.0012031757746708944
"['A', 18]","['X', 17]",26261.9,3.807797607941542e-05,0.00116915000543286
"['A', 19]","['X', 1]",5626200.0,1.7773985994099036e-07,0.25098186584421056
"['A', 19]","['X', 4]",2556100.0,3.912210007433199e-07,0.11402629612960553
"['A', 19]","['X', 0]",2168300.0,4.611907946317391e-07,0.09672673913298528
"['A', 19]","['X', 6]",1895170.0,5.27657149490547e-07,0.0845425514009407
"['A', 19]","['X', 2]",1859150.0,5.378802140763252e-07,0.08293571787072342
"['A', 19]","['X', 20]",1595830.0,6.266331626802354e-07,0.07118914915398787
"['A', 19]","['X', 8]",1095640.0,9.127085539045672e-07,0.04887593251102891
"['A', 19]","['X', 11]",1069590.0,9.349376864032012e-07,0.04771385551318993
"['A', 19]","['X', 13]",905910.0,1.1038624145886457e-06,0.04041217555133639
"['A', 19]","['X', 3]",744460.0,1.3432555140638852e-06,0.03320997473363567
"['A', 19]","['X', 9]",735540.0,1.3595453680289312e-06,0.03281205815702439
"['A', 19]","['X', 16]",690300.0,1.4486455164421266e-06,0.030793925205690974
"['A', 19]","['X', 10]",368850.0,2.71112918530568e-06,0.016454207318729704
"['A', 19]","['X', 14]",314690.0,3.177730464901967e-06,0.014038157790785011
"['A', 19]","['X', 7]",270016.0,3.703484237971083e-06,0.0120452738060841
"['A', 19]","['X', 17]",214677.0,4.65816086492731e-06,0.009576629699235291
"['A', 19]","['X', 15]",184884.0,5.408796867224855e-06,0.008247579411457293
"['A', 19]","['X', 19]",121452.0,8.233705496821789e-06,0.00541791076934895
"['A', 20]","['X', 1]",5073900.0,1.9708705335146534e-07,0.24757465375594861
"['A', 20]","['X', 2]",2867700.0,3.48711510966977e-07,0.1399258626649981
"['A', 20]","['X', 4]",2620300.0,3.816356905697821e-07,0.1278542866900633
"['A', 20]","['X', 0]",1565220.0,6.388878240758487e-07,0.07637296745144483
"['A', 20]","['X', 9]",1334480.0,7.493555542233679e-07,0.06511429550133789
"['A', 20]","['X', 6]",1224490.0,8.166665305555782e-07,0.05974746994966821
"['A', 20]","['X', 11]",1050360.0,9.520545336836894e-07,0.051251012696170245
"['A', 20]","['X', 7]",1027490.0,9.732454817078512e-07,0.05013509942799418
"['A', 20]","['X', 14]",811380.0,1.232468140698563e-06,0.03959028017195877
"['A', 20]","['X', 17]",555520.0,1.8001152073732719e-06,0.02710590899594091
"['A', 20]","['X', 5]",360560.0,2.773463501220324e-06,0.017593077742613147
"['A', 20]","['X', 20]",350379.0,2.8540523261953487e-06,0.01709630848230267
"['A', 20]","['X', 12]",344040.0,2.9066387629345425e-06,0.01678700484404434
"['A', 20]","['X', 16]",340630.0,2.9357367231306697e-06,0.01662061812587729
"['A', 20]","['X', 13]",322250.0,3.103180760279286e-06,0.015723788835581003
"['A', 20]","['X', 8]",308280.0,3.24380433372259e-06,0.015042140022445031
"['A', 20]","['X', 18]",165634.0,6.037407778596182e-06,0.008081905477091152
"['A', 20]","['X', 3]",125178.0,7.988624199140425e-06,0.006107905163259453
"['A', 20]","['X', 15]",46633.3,2.1443903819802588e-05,0.0022754140012608212
"['A', 21]","['X', 1]",4369800.0,2.2884342532839032e-07,0.22106648567727147
"['A', 21]","['X', 2]",3647100.0,2.741904526884374e-07,0.18450537322384933
"['A', 21]","['X', 4]",2118900.0,4.7194298928689415e-07,0.10719432845932778
"['A', 21]","['X', 7]",1588740.0,6.294296108866146e-07,0.08037373986335948
"['A', 21]","['X', 9]",1244820.0,8.033289953567584e-07,0.06297496057045655
"['A', 21]","['X', 5]",1117960.0,8.944863859172064e-07,0.0565571624165322
"['A', 21]","['X', 0]",1111660.0,8.995556195239552e-07,0.056238447862143714
"['A', 21]","['X', 12]",899080.0,1.1122480758108288e-06,0.04548410818406363
"['A', 21]","['X', 14]",673200.0,1.4854426619132502e-06,0.034056926668941175
"['A', 21]","['X', 15]",477190.0,2.0956013328024477e-06,0.024140856858514616
"['A', 21]","['X', 11]",447510.0,2.2345869366047686e-06,0.02263935718006219
"['A', 21]","['X', 6]",437120.0,2.287701317715959e-06,0.022113731113380223
"['A', 21]","['X', 18]",424900.0,2.353494939985879e-06,0.021495526057090174
"['A', 21]","['X', 10]",380380.0,2.62894999737105e-06,0.019243276539411533
"['A', 21]","['X', 17]",376320.0,2.657312925170068e-06,0.019037882715472288
"['A', 21]","['X', 20]",231718.0,4.315590502248422e-06,0.01172252366885578
"['A', 21]","['X', 19]",192714.0,5.189036603464201e-06,0.009749326449908393
"['A', 21]","['X', 3]",27792.0,3.598157743235464e-05,0.0014059864913594966
"['A', 22]","['X', 2]",4097100.0,2.4407507749383713e-07,0.21094003246873252
"['A', 22]","['X', 1]",3627200.0,2.756947507719453e-07,0.1867471347466712
"['A', 22]","['X', 5]",1814730.0,5.510461611369185e-07,0.09343174565472724
"['A', 22]","['X', 7]",1572050.0,6.361120829490156e-07,0.08093731616081398
"['A', 22]","['X', 4]",1351900.0,7.396996819291368e-07,0.06960284833039942
"['A', 22]","['X', 10]",962620.0,1.0388315223037129e-06,0.049560687817005025
"['A', 22]","['X', 12]",933500.0,1.0712372790573111e-06,0.04806143865406307
"['A', 22]","['X', 20]",835280.0,1.197203333014079e-06,0.04300456184142025
"['A', 22]","['X', 0]",779520.0,1.282840722495895e-06,0.0401337468233693
"['A', 22]","['X', 15]",711980.0,1.4045338352200904e-06,0.036656436093111755
"['A', 22]","['X', 9]",653080.0,1.5312059778281374e-06,0.033623957532078745
"['A', 22]","['X', 3]",370400.0,2.699784017278618e-06,0.019070119847311152
"['A', 22]","['X', 8]",330930.0,3.021787084881999e-06,0.017037998814985637
"['A', 22]","['X', 13]",314740.0,3.177225646565419e-06,0.016204453349737344
"['A', 22]","['X', 18]",312930.0,3.1956028504777426e-06,0.016111265129101184
"['A', 22]","['X', 19]",277550.0,3.6029544226265538e-06,0.014289718584290526
"['A', 22]","['X', 16]",205996.0,4.854463193460067e-06,0.010605746242080745
"['A', 22]","['X', 14]",181190.0,5.519068381257244e-06,0.009328604252522429
"['A', 22]","['X', 17]",43612.5,2.292920607623961e-05,0.0022453984930908685
"['A', 22]","['X', 6]",24308.8,4.113736589218719e-05,0.0012515435457459971
"['A', 22]","['X', 11]",22438.4,4.456645750142613e-05,0.0011552456187416485
"['A', 23]","['X', 2]",4216500.0,2.3716352424997037e-07,0.24005955594908915
"['A', 23]","['X', 1]",2922800.0,3.4213767620090325e-07,0.1664048547676978
"['A', 23]","['X', 5]",2145200.0,4.661570016781652e-07,0.12213346600782309
"['A', 23]","['X', 10]",1160860.0,8.61430318901504e-07,0.06609167226824608
"['A', 23]","['X', 7]",1084330.0,9.222284728818717e-07,0.061734561437750704
"['A', 23]","['X', 3]",964860.0,1.036419791472338e-06,0.05493273168576738
"['A', 23]","['X', 8]",908780.0,1.100376328704417e-06,0.05173990827829082
"['A', 23]","['X', 13]",751500.0,1.330671989354624e-06,0.042785427794554846
"['A', 23]","['X', 4]",633640.0,1.5781831955053343e-06,0.03607526076878474
"['A', 23]","['X', 0]",541490.0,1.8467561727825076e-06,0.030828850693910184
"['A', 23]","['X', 16]",539310.0,1.85422113441249e-06,0.030704735946615266
"['A', 23]","['X', 12]",484440.0,2.06423912145983e-06,0.027580801917224416
"['A', 23]","['X', 15]",444990.0,2.247241511045192e-06,0.025334780458148982
"['A', 23]","['X', 19]",206579.0,4.840763097894752e-06,0.011761238707080965
"['A', 23]","['X', 11]",157072.0,6.366507079555872e-06,0.008942638342709672
"['A', 23]","['X', 6]",129513.0,7.72123261757507e-06,0.007373611590094719
"['A', 23]","['X', 9]",125705.0,7.955133049600255e-06,0.007156809315920847
"['A', 23]","['X', 17]",74863.0,1.3357733459786544e-05,0.0042622029021739975
"['A', 23]","['X', 18]",53473.0,1.8701026686365082e-05,0.0030443981110555305
"['A', 23]","['X', 20]",18486.4,5.4093820321966414e-05,0.00105249305706089
"['A', 24]","['X', 2]",4064100.0,2.4605693757535494e-07,0.23897667390441224
"['A', 24]","['X', 1]",2299800.0,4.348204191668841e-07,0.13523253725188045
"['A', 24]","['X', 5]",2047610.0,4.883742509559925e-07,0.12040329402657748
"['A', 24]","['X', 3]",1612020.0,6.20339698018635e-07,0.0947897881123473
"['A', 24]","['X', 8]",1294080.0,7.727497527200791e-07,0.07609432203100853
"['A', 24]","['X', 10]",871640.0,1.1472626313615713e-06,0.051254060687985506
"['A', 24]","['X', 13]",805450.0,1.2415419951579861e-06,0.04736196500979524
"['A', 24]","['X', 11]",602800.0,1.6589250165892501e-06,0.03544576635161037
"['A', 24]","['X', 6]",587570.0,1.7019248770359276e-06,0.034550213893854854
"['A', 24]","['X', 16]",533160.0,1.8756095731112612e-06,0.03135080422698173
"['A', 24]","['X', 7]",485970.0,2.0577401897236454e-06,0.028575944050915878
"['A', 24]","['X', 20]",395100.0,2.531004808909137e-06,0.023232618257334536
"['A', 24]","['X', 0]",373780.0,2.6753705388196267e-06,0.021978962420213875
"['A', 24]","['X', 17]",345830.0,2.8915941358470926e-06,0.020335450194720328
"['A', 24]","['X', 14]",286020.0,3.4962590028669323e-06,0.01681851043776974
"['A', 24]","['X', 4]",165208.0,6.052975642826014e-06,0.009714539096577383
"['A', 24]","['X', 15]",82709.0,1.209058264517767e-05,0.004863443744484642
"['A', 24]","['X', 12]",73672.0,1.3573677923770225e-05,0.00433205125855315
"['A', 24]","['X', 18]",32882.7,3.041112803997239e-05,0.0019335642024056042
"['A', 24]","['X', 19]",24671.5,4.053259834221673e-05,0.0014507302995085522
"['A', 24]","['X', 9]",22189.1,4.506717262079129e-05,0.0013047605410625707
"['A', 25]","['X', 2]",3722700.0,2.686222365487415e-07,0.2342879476853459
"['A', 25]","['X', 3]",2159640.0,4.630401363190161e-07,0.13591684082498734
"['A', 25]","['X', 1]",1775610.0,5.631867358259979e-07,0.11174793101500981
"['A', 25]","['X', 5]",1642290.0,6.089058570654391e-07,0.10335744314722291
"['A', 25]","['X', 8]",1289840.0,7.752899584444582e-07,0.08117601913731069
"['A', 25]","['X', 6]",1116130.0,8.959529803875892e-07,0.07024358853790129
"['A', 25]","['X', 11]",917060.0,1.0904411925064881e-06,0.05771512754299925
"['A', 25]","['X', 14]",612080.0,1.6337733629590904e-06,0.038521225728435415
"['A', 25]","['X', 13]",488730.0,2.046119534303194e-06,0.03075819933710992
"['A', 25]","['X', 17]",463740.0,2.1563807305817913e-06,0.029185454874043653
"['A', 25]","['X', 10]",395310.0,2.529660266626192e-06,0.024878816074218733
"['A', 25]","['X', 9]",300880.0,3.3235841531507577e-06,0.01893586850929886
"['A', 25]","['X', 0]",257120.0,3.889234598630989e-06,0.016181834987739042
"['A', 25]","['X', 16]",249310.0,4.011070554731057e-06,0.01569031300868552
"['A', 25]","['X', 18]",216993.0,4.608443590346232e-06,0.013656444148624993
"['A', 25]","['X', 20]",100979.0,9.903049148832925e-06,0.006355108568866292
"['A', 25]","['X', 7]",90584.0,1.1039477170361211e-05,0.005700899737590827
"['A', 25]","['X', 12]",38473.9,2.5991646284884037e-05,0.002421353069130263
"['A', 25]","['X', 15]",26610.4,3.757929230676728e-05,0.0016747242601031856
"['A', 25]","['X', 19]",25341.4,3.946111895948921e-05,0.001594859805376051
"['A', 26]","['X', 2]",3272500.0,3.0557677616501146e-07,0.22044228948175631
"['A', 26]","['X', 3]",2521400.0,3.9660506068057427e-07,0.16984665812048905
"['A', 26]","['X', 6]",1487710.0,6.721740124083323e-07,0.10021518670279715
"['A', 26]","['X', 1]",1349950.0,7.407681765991333e-07,0.09093539150065606
"['A', 26]","['X', 5]",1117080.0,8.951910337666058e-07,0.07524879227938285
"['A', 26]","['X', 8]",976330.0,1.0242438519762785e-06,0.06576758456523243
"['A', 26]","['X', 11]",890550.0,1.1229015776767166e-06,0.05998926841802234
"['A', 26]","['X', 9]",691250.0,1.4466546112115732e-06,0.04656401301887366
"['A', 26]","['X', 14]",667910.0,1.4972077076252788e-06,0.04499178290840638
"['A', 26]","['X', 18]",341720.0,2.9263724686878146e-06,0.02301895772703003
"['A', 26]","['X', 17]",323460.0,3.0915723737092684e-06,0.021788926800846112
"['A', 26]","['X', 12]",301140.0,3.3207146177857474e-06,0.0202854059754121
"['A', 26]","['X', 15]",245666.0,4.0705673556780345e-06,0.01654856393822006
"['A', 26]","['X', 0]",176657.0,5.660687094199494e-06,0.011899976633454126
"['A', 26]","['X', 19]",149984.0,6.667377853637722e-06,0.010103228829833992
"['A', 26]","['X', 13]",138076.0,7.242388249949303e-06,0.009301081608092586
"['A', 26]","['X', 4]",98983.0,1.0102744915793621e-05,0.006667697216126108
"['A', 26]","['X', 10]",67063.0,1.4911352012286954e-05,0.004517500766849511
"['A', 26]","['X', 16]",27726.2,3.606696914831459e-05,0.001867693508519197
"['A', 27]","['X', 2]",2778300.0,3.5993233272144836e-07,0.1994903371208267
"['A', 27]","['X', 3]",2669600.0,3.745879532514234e-07,0.19168534858645897
"['A', 27]","['X', 6]",1604620.0,6.23200508531615e-07,0.1152165657959259
"['A', 27]","['X', 1]",1012870.0,9.872935322400702e-07,0.07272712729351465
"['A', 27]","['X', 9]",945730.0,1.057384242860013e-06,0.06790627236989505
"['A', 27]","['X', 5]",634030.0,1.5772124347428355e-06,0.045525270289284006
"['A', 27]","['X', 11]",613190.0,1.6308158971933658e-06,0.044028895302566214
"['A', 27]","['X', 12]",586300.0,1.7056114617090227e-06,0.04209811203035694
"['A', 27]","['X', 8]",562250.0,1.778568252556692e-06,0.04037124934175028
"['A', 27]","['X', 15]",467830.0,2.137528589444884e-06,0.033591607967187256
"['A', 27]","['X', 14]",463830.0,2.155962313778755e-06,0.033304395877606106
"['A', 27]","['X', 4]",341070.0,2.931949453191427e-06,0.024489856848360636
"['A', 27]","['X', 18]",289600.0,3.453038674033149e-06,0.0207941552856752
"['A', 27]","['X', 20]",264600.0,3.7792894935752077e-06,0.018999079725793018
"['A', 27]","['X', 19]",224190.0,4.460502252553638e-06,0.01609751959079946
"['A', 27]","['X', 7]",184843.0,5.409996591702147e-06,0.01327228606861209
"['A', 27]","['X', 0]",121383.0,8.238385935427532e-06,0.008715666267407158
"['A', 27]","['X', 17]",110758.0,9.028693186948121e-06,0.00795275915445723
"['A', 27]","['X', 16]",36224.0,2.760600706713781e-05,0.002600992683246887
"['A', 27]","['X', 10]",15772.35,6.340209290308673e-05,0.0011325024002763096
"['A', 28]","['X', 3]",2614500.0,3.8248231019315356e-07,0.21262239928222518
"['A', 28]","['X', 2]",2283100.0,4.380009636021199e-07,0.1856715241159871
"['A', 28]","['X', 6]",1486580.0,6.726849547283025e-07,0.12089508752150327
"['A', 28]","['X', 9]",970080.0,1.0308428170872505e-06,0.07889108322650641
"['A', 28]","['X', 1]",749720.0,1.3338312970175532e-06,0.060970459051394095
"['A', 28]","['X', 12]",698370.0,1.4319057233271761e-06,0.05679445591383729
"['A', 28]","['X', 4]",614690.0,1.62683629146399e-06,0.049989237947902464
"['A', 28]","['X', 15]",513290.0,1.948216407878587e-06,0.04174295327120802
"['A', 28]","['X', 7]",452550.0,2.209700585570655e-06,0.036803314895838976
"['A', 28]","['X', 11]",294500.0,3.3955857385398982e-06,0.02395000825726346
"['A', 28]","['X', 5]",284580.0,3.5139503830205916e-06,0.023143271137018796
"['A', 28]","['X', 8]",227549.0,4.394657853912784e-06,0.018505264614370263
"['A', 28]","['X', 14]",201574.0,4.960957266314108e-06,0.01639286575364898
"['A', 28]","['X', 19]",200787.0,4.980402117666981e-06,0.01632886352445215
"['A', 28]","['X', 16]",184262.0,5.427054954358468e-06,0.014984979359931679
"['A', 28]","['X', 10]",163191.0,6.127788909927631e-06,0.013271394898170055
"['A', 28]","['X', 18]",146449.0,6.828315659376302e-06,0.011909863359144231
"['A', 28]","['X', 13]",88846.0,1.1255430745334624e-05,0.007225339333191271
"['A', 28]","['X', 0]",83335.0,1.1999760004799904e-05,0.006777161080200511
"['A', 28]","['X', 20]",38493.7,2.5978276964802036e-05,0.0031304734562058486
"['A', 29]","['X', 3]",2381600.0,4.198857910648304e-07,0.2195717272636293
"['A', 29]","['X', 2]",1808500.0,5.52944429084877e-07,0.16673474502698757
"['A', 29]","['X', 6]",1216240.0,8.222061435243044e-07,0.11213130566304857
"['A', 29]","['X', 4]",822170.0,1.2162934672877873e-06,0.07580000294102204
"['A', 29]","['X', 9]",809480.0,1.2353609724761576e-06,0.074630047776857
"['A', 29]","['X', 7]",669800.0,1.492982979994028e-06,0.0617522434166858
"['A', 29]","['X', 12]",617400.0,1.6196954972465177e-06,0.05692122288065365
"['A', 29]","['X', 1]",544390.0,1.8369183857161226e-06,0.05019006239714778
"['A', 29]","['X', 15]",397470.0,2.5159131506780384e-06,0.03664476588657824
"['A', 29]","['X', 10]",350120.0,2.8561636010510683e-06,0.03227933034495377
"['A', 29]","['X', 16]",306820.0,3.259239945244769e-06,0.02828728474933941
"['A', 29]","['X', 13]",246758.0,4.052553513969152e-06,0.02274986575248515
"['A', 29]","['X', 20]",175178.0,5.7084793752640175e-06,0.016150544188187795
"['A', 29]","['X', 19]",115971.0,8.622845366514043e-06,0.01069195195771345
"['A', 29]","['X', 5]",87894.0,1.1377340887887682e-05,0.008103391583855153
"['A', 29]","['X', 11]",83305.0,1.2004081387671808e-05,0.00768030850675875
"['A', 29]","['X', 0]",56827.0,1.759726890386612e-05,0.005239168015288152
"['A', 29]","['X', 8]",48189.0,2.075162381456349e-05,0.004442787187230027
"['A', 29]","['X', 14]",40196.0,2.4878097323116727e-05,0.0037058721653883287
"['A', 29]","['X', 18]",36653.6,2.728244974572757e-05,0.0033792804259448112
"['A', 29]","['X', 17]",31607.9,3.1637660205201864e-05,0.0029140918702452424
"['A', 30]","['X', 3]",1988510.0,5.028890978672473e-07,0.22601471658130073
"['A', 30]","['X', 2]",1354160.0,7.38465173982395e-07,0.15391428185210745
"['A', 30]","['X', 4]",889480.0,1.1242523721725052e-06,0.10109859648919813
"['A', 30]","['X', 6]",883140.0,1.132323300948887e-06,0.10037798995308544
"['A', 30]","['X', 7]",742340.0,1.3470916291726162e-06,0.08437461451386354
"['A', 30]","['X', 9]",566440.0,1.7654120471718099e-06,0.06438176124852879
"['A', 30]","['X', 10]",448650.0,2.2289089490694306e-06,0.05099371016198087
"['A', 30]","['X', 12]",433140.0,2.308722353049822e-06,0.04923083833625408
"['A', 30]","['X', 1]",380090.0,2.630955826251677e-06,0.043201157462314295
"['A', 30]","['X', 13]",339200.0,2.9481132075471697e-06,0.03855358628539822
"['A', 30]","['X', 16]",320570.0,3.1194434912811553e-06,0.036436094208461396
"['A', 30]","['X', 15]",231480.0,4.320027648176948e-06,0.026310094791698053
"['A', 30]","['X', 17]",98331.0,1.0169732841118263e-05,0.01117633459029921
"['A', 30]","['X', 19]",44117.0,2.2666999115987036e-05,0.005014353084177221
"['A', 30]","['X', 0]",37730.0,2.65041081367612e-05,0.004288404512228994
"['A', 30]","['X', 20]",28461.0,3.513579986648396e-05,0.003234886849259194
"['A', 30]","['X', 5]",12304.9,8.126843777682062e-05,0.0013985790798443293
"['A', 31]","['X', 3]",1411970.0,7.082303448373549e-07,0.22424467120290453
"['A', 31]","['X', 2]",888470.0,1.1255304062039236e-06,0.14110403409679
"['A', 31]","['X', 4]",749770.0,1.3337423476532803e-06,0.11907613272789204
"['A', 31]","['X', 7]",620070.0,1.612721144386924e-06,0.09847758328631984
"['A', 31]","['X', 6]",542630.0,1.842876361424912e-06,0.08617880403608581
"['A', 31]","['X', 10]",396550.0,2.5217500945656284e-06,0.06297883408678073
"['A', 31]","['X', 9]",324260.0,3.083944982421514e-06,0.051497961772738673
"['A', 31]","['X', 13]",303460.0,3.2953272259935413e-06,0.04819457065180805
"['A', 31]","['X', 12]",240230.0,4.1626774341256295e-06,0.03815257927794058
"['A', 31]","['X', 1]",236790.0,4.223151315511635e-06,0.03760624920794051
"['A', 31]","['X', 16]",236050.0,4.2363905952128785e-06,0.03748872471613817
"['A', 31]","['X', 17]",120871.0,8.273283086927386e-06,0.019196355200865652
"['A', 31]","['X', 15]",101616.0,9.840969925995906e-06,0.016138336160792615
"['A', 31]","['X', 20]",33703.0,2.9670949173664067e-05,0.00535260533407331
"['A', 31]","['X', 0]",22655.0,4.414036636504083e-05,0.0035979964348405434
"['A', 31]","['X', 14]",22045.1,4.5361554268295454e-05,0.0035011340192321015
"['A', 31]","['X', 8]",17538.1,5.701871924552831e-05,0.002785346337403528
"['A', 31]","['X', 18]",10489.9,9.532979342033766e-05,0.0016659731980504884
"['A', 31]","['X', 19]",9836.8,0.00010165907612231621,0.0015622498931908832
"['A', 31]","['X', 11]",7554.9800000000005,0.00013236302412448478,0.001199858358211945
"['A', 32]","['X', 3]",410690.0,2.434926586963403e-06,0.2232343585817921
"['A', 32]","['X', 2]",247430.0,4.0415471042315e-06,0.13449287137230714
"['A', 32]","['X', 4]",238470.0,4.1933995890468405e-06,0.12962258026978976
"['A', 32]","['X', 7]",194333.0,5.1458064250539025e-06,0.10563150455641823
"['A', 32]","['X', 6]",142785.0,7.003536786076969e-06,0.07761211105724801
"['A', 32]","['X', 10]",126308.0,7.917154891218292e-06,0.0686558848857995
"['A', 32]","['X', 13]",96129.0,1.0402688054593306e-05,0.052251809530568294
"['A', 32]","['X', 9]",80152.0,1.2476295039425092e-05,0.043567362996537046
"['A', 32]","['X', 16]",66584.0,1.5018623092634867e-05,0.03619235075558218
"['A', 32]","['X', 1]",64074.0,1.5606954458906888e-05,0.034828016975747514
"['A', 32]","['X', 12]",57298.0,1.745261614716046e-05,0.031144859329468758
"['A', 32]","['X', 17]",43577.0,2.294788535236478e-05,0.023686682519464205
"['A', 32]","['X', 15]",19804.7,5.04930647775528e-05,0.010765028370315368
"['A', 32]","['X', 14]",13713.4,7.292137617221113e-05,0.007454045759515809
"['A', 32]","['X', 8]",11936.2,8.377875705836028e-05,0.006488032216279888
"['A', 32]","['X', 18]",7166.0,0.00013954786491766677,0.003895145763464224
"['A', 32]","['X', 11]",7076.0,0.00014132278123233464,0.0038462254287291164
"['A', 32]","['X', 0]",6006.8,0.0001664779916095092,0.00326505185207604
"['A', 32]","['X', 20]",3322.43,0.00030098452036611756,0.0018059376414884792
"['A', 32]","['X', 5]",2870.23,0.0003484041348602725,0.0015601401374083059
"['X', 1]","['X', 0]",32.97,0.030330603579011222,1.0
"['X', 2]","['X', 1]",57.88,0.017277125086385625,0.9399903532434376
"['X', 2]","['X', 0]",3.6951,0.2706286704013423,0.060009646756562306
"['X', 3]","['X', 2]",75.247,0.013289566361449626,0.8728532579708657
"['X', 3]","['X', 1]",10.768,0.09286775631500742,0.1249070910711428
"['X', 3]","['X', 0]",0.193076,5.179307630156001,0.002239650957991453
"['X', 4]","['X', 3]",85.626,0.011678695723261625,0.7979538326311734
"['X', 4]","['X', 2]",20.964599999999997,0.047699455272220796,0.19537036553826517
"['X', 4]","['X', 1]",0.71636,1.3959461723155955,0.006675801830561597
"['X', 5]","['X', 4]",89.62100000000001,0.01115809910623626,0.7148763290513023
"['X', 5]","['X', 3]",34.074,0.029347889886717146,0.27179674446942204
"['X', 5]","['X', 2]",1.67074,0.5985371751439482,0.013326926479275756
"['X', 6]","['X', 5]",87.90700000000001,0.011375658366227944,0.6224985640831068
"['X', 6]","['X', 4]",49.91,0.02003606491685033,0.3534292301339808
"['X', 6]","['X', 3]",3.1378,0.318694626808592,0.02221980040702074
"['X', 6]","['X', 2]",0.26159,3.8227761000038227,0.0018524053758915658
"['X', 7]","['X', 6]",81.274,0.01230405787828826,0.5233890992953624
"['X', 7]","['X', 5]",68.273,0.01464707864016522,0.4396651324678529
"['X', 7]","['X', 4]",5.1973,0.19240759625190001,0.03346962332071495
"['X', 7]","['X', 3]",0.53979,1.8525722966338762,0.003476144916069637
"['X', 8]","['X', 6]",88.881,0.011250998526119193,0.5276209549119486
"['X', 8]","['X', 7]",70.669,0.014150476163522904,0.41950974069455216
"['X', 8]","['X', 5]",7.946400000000001,0.12584314909896305,0.04717191701389845
"['X', 8]","['X', 4]",0.95976,1.0419271484537802,0.0056973873796007215
"['X', 9]","['X', 7]",111.27799999999999,0.008986502273585075,0.6118928416048859
"['X', 9]","['X', 8]",57.233999999999995,0.017472131949540486,0.31471696918001796
"['X', 9]","['X', 6]",11.523499999999999,0.08677919035015405,0.06336514998682491
"['X', 9]","['X', 5]",1.54409,0.647630643291518,0.008490605670426215
"['X', 9]","['X', 4]",0.27905,3.5835871707579283,0.0015344335578447081
"['X', 10]","['X', 0]",1.99347e-05,50163.78475723236,1.0
"['X', 11]","['X', 0]",8.6125e-06,116110.30478955008,1.0
"['X', 12]","['X', 0]",3.9752000000000005e-06,251559.669953713,1.0
"['X', 13]","['X', 12]",7.19963,0.13889602660136702,1.0
"['X', 14]","['X', 12]",193.59,0.0051655560721111625,0.9733398695275085
"['X', 14]","['X', 13]",5.3025,0.1885902876001886,0.02666013047249142
"['X', 15]","['X', 13]",177.55,0.00563221627710504,0.6724025659218211
"['X', 15]","['X', 12]",76.19200000000001,0.013124737505249893,0.2885479938198558
"['X', 15]","['X', 14]",10.3111268,0.09698261105663059,0.03904944025832304
"['X', 16]","['X', 14]",138.82999999999998,0.007203054094936254,0.5033387934516286
"['X', 16]","['X', 13]",100.58,0.00994233446013124,0.3646604901344436
"['X', 16]","['X', 15]",20.600299999999997,0.0485429823837517,0.07468796475359493
"['X', 16]","['X', 12]",15.8079,0.06325950948576345,0.057312751660332784
"['X', 17]","['X', 14]",122.32900000000001,0.008174676487178019,0.4633128445853538
"['X', 17]","['X', 15]",81.172,0.012319519045976446,0.3074334803740923
"['X', 17]","['X', 16]",30.8772,0.03238635627582812,0.11694531439667524
"['X', 17]","['X', 13]",24.858,0.04022849786788961,0.0941479999893952
"['X', 17]","['X', 12]",4.7949,0.20855492293895597,0.01816036065448351
"['X', 18]","['X', 15]",121.725,0.008215239268843705,0.5283606733847726
"['X', 18]","['X', 14]",41.196,0.02427420137877464,0.17881574286924698
"['X', 18]","['X', 17]",32.8354,0.030454935831450203,0.14252564432005224
"['X', 18]","['X', 16]",25.545299999999997,0.039146144300517126,0.11088216808228407
"['X', 18]","['X', 13]",6.8011,0.14703503844966256,0.02952091826458966
"['X', 18]","['X', 12]",2.2796000000000003,0.4386734514827162,0.009894853079054654
"['X', 19]","['X', 16]",75.575,0.013231888852133642,0.428549645668972
"['X', 19]","['X', 15]",60.643,0.016489949375855417,0.3438774219292553
"['X', 19]","['X', 18]",21.6056,0.0462842966638279,0.12251501454800584
"['X', 19]","['X', 14]",11.9602,0.08361064196250899,0.06782056860244842
"['X', 19]","['X', 13]",2.6992000000000003,0.3704801422643746,0.015305871036582062
"['X', 19]","['X', 17]",2.6623,0.3756150696765954,0.015096628801382789
"['X', 19]","['X', 12]",1.20533,0.829648312080509,0.006834849413353385
"['X', 20]","['X', 16]",49.172,0.02033677702757667,0.48296334332582513
"['X', 20]","['X', 15]",20.8827,0.047886528083054394,0.20510816337895976
"['X', 20]","['X', 17]",12.7051,0.07870855010979842,0.12478844816743148
"['X', 20]","['X', 18]",7.9988,0.12501875281292193,0.07856355630429127
"['X', 20]","['X', 19]",5.6963,0.17555255165633832,0.05594859051059338
"['X', 20]","['X', 14]",3.6683,0.27260583921707604,0.03602974116005297
"['X', 20]","['X', 13]",1.14316,0.874768186430596,0.011228023581638946
"['X', 20]","['X', 12]",0.54675,1.8289894833104712,0.005370133571207087
