v_state,lifetime_i
"[0, 0, 0, 0, 0, 0, 0, 0, 0]",inf
"[0, 0, 0, 0, 0, 0, 0, 0, 1]",0.4758852761094758
"[0, 0, 0, 0, 0, 0, 0, 0, 2]",0.1527362667200869
"[0, 0, 0, 0, 0, 0, 0, 0, 3]",0.20204763094819342
"[0, 0, 0, 0, 0, 0, 0, 0, 4]",0.20034930066829934
"[0, 0, 0, 0, 0, 0, 0, 1, 0]",4.064472554167778
"[0, 0, 0, 0, 0, 0, 0, 1, 1]",0.4280469172403157
"[0, 0, 0, 0, 0, 0, 0, 1, 2]",0.1770589323128091
"[0, 0, 0, 0, 0, 0, 0, 1, 3]",0.2942941851663085
"[0, 0, 0, 0, 0, 0, 0, 2, 0]",2.719854507830643
"[0, 0, 0, 0, 0, 0, 0, 2, 1]",0.4084108102696821
"[0, 0, 0, 0, 0, 0, 0, 2, 2]",0.175704680121709
"[0, 0, 0, 0, 0, 0, 0, 3, 0]",0.8938238457024973
"[0, 0, 0, 0, 0, 0, 0, 3, 1]",0.3775597726816297
"[0, 0, 0, 0, 0, 0, 0, 4, 0]",0.7922730154814512
"[0, 0, 0, 0, 0, 0, 1, 0, 0]",3.4129046642368013
"[0, 0, 0, 0, 0, 0, 1, 0, 1]",0.4229480527053904
"[0, 0, 0, 0, 0, 0, 1, 0, 2]",0.14281049523950226
"[0, 0, 0, 0, 0, 0, 1, 0, 3]",0.45284187145592714
"[0, 0, 0, 0, 0, 0, 1, 1, 0]",1.3236946338342008
"[0, 0, 0, 0, 0, 0, 1, 1, 1]",0.361292278781324
"[0, 0, 0, 0, 0, 0, 1, 1, 2]",0.14968724155320448
"[0, 0, 0, 0, 0, 0, 1, 2, 0]",0.8217380348497594
"[0, 0, 0, 0, 0, 0, 1, 3, 0]",0.2696101973422792
"[0, 0, 0, 0, 0, 0, 2, 0, 1]",0.08110931817088697
"[0, 0, 0, 0, 0, 0, 2, 0, 2]",0.29095181704860446
"[0, 0, 0, 0, 0, 0, 2, 1, 0]",0.9269957650981863
"[0, 0, 0, 0, 0, 0, 2, 1, 1]",0.35058317931568983
"[0, 0, 0, 0, 0, 0, 3, 0, 0]",0.37554825476217046
"[0, 0, 0, 0, 0, 0, 3, 0, 1]",0.09884202785301689
"[0, 0, 0, 0, 0, 0, 3, 1, 0]",0.18194597992890363
"[0, 0, 0, 0, 0, 0, 4, 0, 0]",0.11414626625015659
"[0, 0, 0, 0, 0, 1, 0, 0, 0]",1.947245647309922
"[0, 0, 0, 0, 0, 1, 0, 0, 1]",0.28705525088722406
"[0, 0, 0, 0, 0, 1, 0, 0, 2]",0.18253998634094648
"[0, 0, 0, 0, 0, 1, 0, 0, 3]",0.18860778959824195
"[0, 0, 0, 0, 0, 1, 0, 1, 0]",0.8788345267224363
"[0, 0, 0, 0, 0, 1, 0, 1, 1]",0.20035568294708717
"[0, 0, 0, 0, 0, 1, 0, 1, 2]",0.19682903242460106
"[0, 0, 0, 0, 0, 1, 0, 2, 0]",1.1283824072460635
"[0, 0, 0, 0, 0, 1, 0, 2, 1]",0.17309386454084474
"[0, 0, 0, 0, 0, 1, 0, 3, 0]",1.0077160209604101
"[0, 0, 0, 0, 0, 1, 1, 0, 0]",1.2280946828757462
"[0, 0, 0, 0, 0, 1, 1, 0, 1]",0.2720579057413355
"[0, 0, 0, 0, 0, 1, 1, 0, 2]",0.1797771786671676
"[0, 0, 0, 0, 0, 1, 1, 1, 0]",0.7997414726093837
"[0, 0, 0, 0, 0, 1, 1, 1, 1]",0.2709739483172244
"[0, 0, 0, 0, 0, 1, 1, 2, 0]",0.571140021522569
"[0, 0, 0, 0, 0, 1, 2, 0, 0]",0.09161020831194894
"[0, 0, 0, 0, 0, 1, 2, 0, 1]",0.0787895154913465
"[0, 0, 0, 0, 0, 1, 2, 1, 0]",0.35801868953077975
"[0, 0, 0, 0, 0, 1, 3, 0, 0]",0.08785206531938937
"[0, 0, 0, 0, 0, 2, 0, 0, 0]",0.9087141480722482
"[0, 0, 0, 0, 0, 2, 0, 0, 1]",0.22427036230365863
"[0, 0, 0, 0, 0, 2, 0, 0, 2]",0.16567690338700186
"[0, 0, 0, 0, 0, 2, 0, 1, 0]",0.7848105011130243
"[0, 0, 0, 0, 0, 2, 0, 1, 1]",0.24442751551480438
"[0, 0, 0, 0, 0, 2, 0, 2, 0]",0.746963244973116
"[0, 0, 0, 0, 0, 2, 1, 0, 0]",0.7209408830193997
"[0, 0, 0, 0, 0, 2, 1, 0, 1]",0.2167459294835669
"[0, 0, 0, 0, 0, 2, 1, 1, 0]",0.5563887220675575
"[0, 0, 0, 0, 0, 2, 2, 0, 0]",0.18653098158775033
"[0, 0, 0, 0, 0, 3, 0, 0, 0]",0.5529268283230698
"[0, 0, 0, 0, 0, 3, 0, 0, 1]",0.18749249118230005
"[0, 0, 0, 0, 0, 3, 0, 1, 0]",0.5262709238733053
"[0, 0, 0, 0, 0, 3, 1, 0, 0]",0.5063677797148145
"[0, 0, 0, 0, 0, 4, 0, 0, 0]",0.3951235480369587
"[0, 0, 0, 0, 1, 0, 0, 0, 0]",0.12158776630207906
"[0, 0, 0, 0, 1, 0, 0, 0, 1]",0.08156773329977614
"[0, 0, 0, 0, 1, 0, 0, 0, 2]",0.06280397358774564
"[0, 0, 0, 0, 1, 0, 0, 0, 3]",0.07223078490287381
"[0, 0, 0, 0, 1, 0, 0, 1, 0]",0.11677280986285865
"[0, 0, 0, 0, 1, 0, 0, 1, 1]",0.12921592624455608
"[0, 0, 0, 0, 1, 0, 0, 1, 2]",0.0643373022497239
"[0, 0, 0, 0, 1, 0, 0, 2, 0]",0.1336962812552597
"[0, 0, 0, 0, 1, 0, 0, 2, 1]",0.09379543041898877
"[0, 0, 0, 0, 1, 0, 1, 0, 0]",0.7931437815514844
"[0, 0, 0, 0, 1, 0, 1, 0, 1]",0.21011258749598372
"[0, 0, 0, 0, 1, 0, 1, 0, 2]",0.03751443594209288
"[0, 0, 0, 0, 1, 0, 1, 1, 1]",0.09519344937010696
"[0, 0, 0, 0, 1, 0, 2, 0, 0]",1.1611453845352033
"[0, 0, 0, 0, 1, 0, 2, 0, 1]",0.3167072394610077
"[0, 0, 0, 0, 1, 0, 2, 0, 2]",0.03177112552653275
"[0, 0, 0, 0, 1, 0, 2, 1, 0]",0.42541694631478166
"[0, 0, 0, 0, 1, 0, 3, 0, 0]",0.33557806480311525
"[0, 0, 0, 0, 1, 1, 0, 0, 0]",0.0963711739508754
"[0, 0, 0, 0, 1, 1, 0, 0, 1]",0.08162771452567825
"[0, 0, 0, 0, 1, 1, 0, 0, 2]",0.06686990009714584
"[0, 0, 0, 0, 1, 1, 0, 1, 0]",0.09939608296559675
"[0, 0, 0, 0, 1, 1, 0, 1, 1]",0.11791571600900022
"[0, 0, 0, 0, 1, 1, 0, 2, 0]",0.10967473167224509
"[0, 0, 0, 0, 1, 1, 1, 0, 0]",0.4673928051469752
"[0, 0, 0, 0, 1, 1, 1, 0, 1]",0.1533729681244919
"[0, 0, 0, 0, 1, 1, 1, 1, 0]",0.05397821011070758
"[0, 0, 0, 0, 1, 1, 2, 0, 0]",0.48085302079279635
"[0, 0, 0, 0, 1, 2, 0, 0, 0]",0.0874152294808415
"[0, 0, 0, 0, 1, 2, 0, 0, 1]",0.08186785223575754
"[0, 0, 0, 0, 1, 2, 0, 1, 0]",0.09915487776414349
"[0, 0, 0, 0, 1, 2, 1, 0, 0]",0.3388323684437383
"[0, 0, 0, 0, 1, 3, 0, 0, 0]",0.09038887969313335
"[0, 0, 0, 0, 2, 0, 0, 0, 0]",0.1566601485862127
"[0, 0, 0, 0, 2, 0, 0, 2, 0]",0.09712844027137497
"[0, 0, 0, 0, 2, 0, 1, 0, 0]",0.206555047173478
"[0, 0, 0, 0, 2, 0, 1, 0, 1]",0.03149245540468768
"[0, 0, 0, 0, 2, 0, 2, 0, 0]",0.037444819068097865
"[0, 0, 0, 0, 2, 1, 1, 0, 0]",0.034907556079960274
"[0, 0, 0, 0, 3, 0, 0, 0, 1]",0.4332509762816924
"[0, 0, 0, 0, 3, 1, 0, 0, 0]",0.39180978951932177
"[0, 0, 0, 0, 4, 0, 0, 0, 0]",1.0131003622624075
"[0, 0, 0, 1, 0, 0, 0, 0, 0]",0.058184158192439876
"[0, 0, 0, 1, 0, 0, 0, 0, 1]",0.04390663865521039
"[0, 0, 0, 1, 0, 0, 0, 0, 2]",0.0575742274767965
"[0, 0, 0, 1, 0, 0, 0, 0, 3]",0.053161705918392976
"[0, 0, 0, 1, 0, 0, 0, 1, 0]",0.08466134350874627
"[0, 0, 0, 1, 0, 0, 0, 1, 1]",0.06851387904088901
"[0, 0, 0, 1, 0, 0, 0, 1, 2]",0.08724989030480844
"[0, 0, 0, 1, 0, 0, 0, 2, 0]",0.12552304862019026
"[0, 0, 0, 1, 0, 0, 0, 2, 1]",0.11847250149350674
"[0, 0, 0, 1, 0, 0, 1, 0, 0]",0.09108948049667048
"[0, 0, 0, 1, 0, 0, 1, 0, 1]",0.06606759117426489
"[0, 0, 0, 1, 0, 0, 1, 0, 2]",0.1073492364808829
"[0, 0, 0, 1, 0, 0, 1, 1, 0]",0.11564125750656622
"[0, 0, 0, 1, 0, 0, 1, 1, 1]",0.15467274099699055
"[0, 0, 0, 1, 0, 0, 2, 0, 1]",0.07734495951865959
"[0, 0, 0, 1, 0, 1, 0, 0, 0]",0.045402504738100216
"[0, 0, 0, 1, 0, 1, 0, 0, 1]",0.042155232878963375
"[0, 0, 0, 1, 0, 1, 0, 0, 2]",0.09607182410315072
"[0, 0, 0, 1, 0, 1, 0, 1, 0]",0.07318478005408899
"[0, 0, 0, 1, 0, 1, 0, 1, 1]",0.07906890850220002
"[0, 0, 0, 1, 0, 1, 0, 2, 0]",0.12425115382031512
"[0, 0, 0, 1, 0, 1, 1, 0, 0]",0.05157071223764454
"[0, 0, 0, 1, 0, 1, 1, 0, 1]",0.0638382511431632
"[0, 0, 0, 1, 0, 1, 1, 1, 0]",0.11731866063432261
"[0, 0, 0, 1, 0, 1, 2, 0, 0]",0.09479897772422297
"[0, 0, 0, 1, 0, 2, 0, 0, 0]",0.0411687496049549
"[0, 0, 0, 1, 0, 2, 0, 0, 1]",0.040908776855863804
"[0, 0, 0, 1, 0, 2, 0, 1, 0]",0.06282959094979793
"[0, 0, 0, 1, 0, 2, 1, 0, 0]",0.20520568280554302
"[0, 0, 0, 1, 0, 3, 0, 0, 0]",0.03856913186905563
"[0, 0, 0, 1, 1, 0, 0, 0, 1]",0.014790784521465476
"[0, 0, 0, 1, 1, 0, 0, 1, 0]",0.054418935324093115
"[0, 0, 0, 1, 1, 0, 0, 1, 1]",0.0734119520466119
"[0, 0, 0, 1, 1, 0, 1, 0, 1]",0.02780089381974501
"[0, 0, 0, 1, 1, 1, 0, 0, 1]",0.04200479027411633
"[0, 0, 0, 1, 1, 1, 0, 1, 0]",0.04158473881516302
"[0, 0, 0, 1, 1, 1, 1, 0, 0]",0.03131509396795186
"[0, 0, 0, 1, 1, 2, 0, 0, 0]",0.023797672752143832
"[0, 0, 0, 1, 2, 0, 0, 1, 0]",0.08511666336955954
"[0, 0, 0, 1, 2, 0, 1, 0, 0]",0.10212724129440905
"[0, 0, 0, 1, 3, 0, 0, 0, 0]",0.728281251085265
"[0, 0, 0, 2, 0, 0, 0, 0, 0]",0.06399600043324005
"[0, 0, 0, 2, 0, 0, 0, 0, 1]",0.02675461778531274
"[0, 0, 0, 2, 0, 0, 0, 0, 2]",0.21836705951662738
"[0, 0, 0, 2, 0, 0, 0, 1, 0]",0.04294555577874569
"[0, 0, 0, 2, 0, 0, 0, 1, 1]",0.07455444180719302
"[0, 0, 0, 2, 0, 0, 1, 0, 0]",0.04163233000608226
"[0, 0, 0, 2, 0, 0, 1, 0, 1]",0.07423024349260476
"[0, 0, 0, 2, 0, 0, 2, 0, 0]",0.12814768756144382
"[0, 0, 0, 2, 0, 1, 0, 0, 0]",0.02290214038009644
"[0, 0, 0, 2, 0, 1, 0, 0, 1]",0.02429298879474107
"[0, 0, 0, 2, 0, 1, 0, 1, 0]",0.0550754267693622
"[0, 0, 0, 2, 0, 1, 1, 0, 0]",0.08774701710960488
"[0, 0, 0, 2, 0, 2, 0, 0, 0]",0.06227645504008066
"[0, 0, 0, 2, 1, 0, 0, 0, 1]",0.0587674982316664
"[0, 0, 0, 2, 2, 0, 0, 0, 0]",0.26718409602553667
"[0, 0, 0, 3, 0, 0, 0, 0, 0]",0.09906284208266222
"[0, 0, 0, 3, 0, 0, 0, 0, 1]",0.08701586584182225
"[0, 0, 0, 3, 0, 0, 0, 1, 0]",0.28344718143396486
"[0, 0, 0, 3, 0, 0, 1, 0, 0]",0.05670075541751402
"[0, 0, 0, 3, 0, 1, 0, 0, 0]",0.07778354995944772
"[0, 0, 0, 4, 0, 0, 0, 0, 0]",0.5463097348226992
"[0, 0, 1, 0, 0, 0, 0, 0, 0]",0.031063961915250803
"[0, 0, 1, 0, 0, 0, 0, 0, 1]",0.033895210076869964
"[0, 0, 1, 0, 0, 0, 0, 0, 2]",0.03837759059130021
"[0, 0, 1, 0, 0, 0, 0, 0, 3]",0.08121652677787994
"[0, 0, 1, 0, 0, 0, 0, 1, 0]",0.027290273720531884
"[0, 0, 1, 0, 0, 0, 0, 1, 1]",0.03277060207838905
"[0, 0, 1, 0, 0, 0, 0, 1, 2]",0.03843861331672879
"[0, 0, 1, 0, 0, 0, 0, 2, 0]",0.033326996953181726
"[0, 0, 1, 0, 0, 0, 0, 2, 1]",0.10260228703833588
"[0, 0, 1, 0, 0, 0, 0, 3, 0]",0.12904319053972638
"[0, 0, 1, 0, 0, 0, 1, 0, 0]",0.024684681068083306
"[0, 0, 1, 0, 0, 0, 1, 0, 1]",0.054725341273745974
"[0, 0, 1, 0, 0, 0, 1, 0, 2]",0.034440598122301325
"[0, 0, 1, 0, 0, 0, 1, 1, 0]",0.05983279330384027
"[0, 0, 1, 0, 0, 0, 1, 1, 1]",0.03620371139711134
"[0, 0, 1, 0, 0, 0, 1, 2, 0]",0.2151479622661961
"[0, 0, 1, 0, 0, 0, 2, 1, 0]",0.18029364777703372
"[0, 0, 1, 0, 0, 0, 3, 0, 0]",0.18281807634250802
"[0, 0, 1, 0, 0, 1, 0, 0, 0]",0.03530323733269377
"[0, 0, 1, 0, 0, 1, 0, 0, 1]",0.03347506712385664
"[0, 0, 1, 0, 0, 1, 0, 0, 2]",0.10180517829849242
"[0, 0, 1, 0, 0, 1, 0, 1, 1]",0.04360975561651908
"[0, 0, 1, 0, 0, 1, 0, 2, 0]",0.06971223263967832
"[0, 0, 1, 0, 0, 1, 1, 0, 0]",0.029429829621375483
"[0, 0, 1, 0, 0, 1, 1, 0, 1]",0.047414762385775466
"[0, 0, 1, 0, 0, 1, 2, 0, 0]",0.04325564791919825
"[0, 0, 1, 0, 0, 2, 0, 0, 0]",0.038238433479642536
"[0, 0, 1, 0, 0, 2, 0, 0, 1]",0.10131698353784474
"[0, 0, 1, 0, 0, 2, 0, 1, 0]",0.0399732185863481
"[0, 0, 1, 0, 0, 2, 1, 0, 0]",0.15451277540139574
"[0, 0, 1, 0, 0, 3, 0, 0, 0]",0.3210088204791725
"[0, 0, 1, 0, 1, 0, 0, 0, 0]",0.09955689832981986
"[0, 0, 1, 0, 1, 0, 0, 0, 1]",0.03094921814666387
"[0, 0, 1, 0, 1, 0, 0, 0, 2]",0.04910629837172537
"[0, 0, 1, 0, 1, 0, 0, 1, 0]",0.027289663433232476
"[0, 0, 1, 0, 1, 0, 0, 1, 1]",0.04730897096535705
"[0, 0, 1, 0, 1, 0, 1, 0, 0]",0.027147024700507852
"[0, 0, 1, 0, 1, 0, 1, 1, 0]",0.1574644140693897
"[0, 0, 1, 0, 1, 1, 0, 0, 0]",0.03313491636573502
"[0, 0, 1, 0, 1, 1, 0, 0, 1]",0.07557667993420909
"[0, 0, 1, 0, 1, 1, 0, 1, 0]",0.05086447158031236
"[0, 0, 1, 0, 1, 1, 1, 0, 0]",0.02524122295733346
"[0, 0, 1, 0, 1, 2, 0, 0, 0]",0.0296097854378092
"[0, 0, 1, 0, 2, 0, 0, 0, 0]",0.030173344435487102
"[0, 0, 1, 0, 2, 0, 0, 1, 0]",0.09383007991624237
"[0, 0, 1, 0, 2, 0, 1, 0, 0]",0.16777193817478125
"[0, 0, 1, 0, 3, 0, 0, 0, 0]",0.33104770185382854
"[0, 0, 1, 1, 0, 0, 0, 0, 0]",0.11497189870182516
"[0, 0, 1, 1, 0, 0, 0, 0, 1]",0.027330386329271
"[0, 0, 1, 1, 0, 0, 0, 0, 2]",0.03181456600215523
"[0, 0, 1, 1, 0, 0, 0, 1, 0]",0.02467430498107077
"[0, 0, 1, 1, 0, 0, 0, 1, 1]",0.08111524551209982
"[0, 0, 1, 1, 0, 0, 0, 2, 0]",0.13824002416293835
"[0, 0, 1, 1, 0, 0, 1, 0, 0]",0.13695480595416767
"[0, 0, 1, 1, 0, 0, 1, 0, 1]",0.06697742198738253
"[0, 0, 1, 1, 0, 0, 1, 1, 0]",0.14135153132771122
"[0, 0, 1, 1, 0, 0, 2, 0, 0]",0.6105224897492098
"[0, 0, 1, 1, 0, 1, 0, 0, 0]",0.03153902696697373
"[0, 0, 1, 1, 0, 1, 0, 0, 1]",0.11736525428599856
"[0, 0, 1, 1, 0, 1, 0, 1, 0]",0.043828464712900944
"[0, 0, 1, 1, 0, 1, 1, 0, 0]",0.09109520802744735
"[0, 0, 1, 1, 0, 2, 0, 0, 0]",0.2672693797797513
"[0, 0, 1, 1, 1, 0, 0, 0, 0]",0.025436838470250866
"[0, 0, 1, 1, 1, 1, 0, 0, 0]",0.032403922494015164
"[0, 0, 1, 2, 0, 0, 0, 0, 0]",0.07307045088407774
"[0, 0, 1, 2, 0, 0, 0, 0, 1]",0.13335694965069553
"[0, 0, 1, 2, 0, 0, 0, 1, 0]",0.08010146833065399
"[0, 0, 1, 2, 0, 0, 1, 0, 0]",0.16144526808143583
"[0, 0, 1, 2, 0, 1, 0, 0, 0]",0.10768064809196215
"[0, 0, 1, 3, 0, 0, 0, 0, 0]",0.22234819913087547
"[0, 0, 2, 0, 0, 0, 0, 0, 0]",0.02536295641244568
"[0, 0, 2, 0, 0, 0, 0, 0, 1]",0.014590984087733974
"[0, 0, 2, 0, 0, 0, 0, 0, 2]",0.10211787226506412
"[0, 0, 2, 0, 0, 0, 0, 1, 1]",0.10535357627698991
"[0, 0, 2, 0, 0, 0, 0, 2, 0]",0.12240178117969387
"[0, 0, 2, 0, 0, 0, 1, 1, 0]",0.08966328005102273
"[0, 0, 2, 0, 0, 0, 2, 0, 0]",0.1691301936488963
"[0, 0, 2, 0, 0, 1, 0, 0, 0]",0.01613088805457962
"[0, 0, 2, 0, 0, 1, 0, 0, 1]",0.11320589427388451
"[0, 0, 2, 0, 0, 1, 0, 1, 0]",0.07608712468796631
"[0, 0, 2, 0, 0, 1, 1, 0, 0]",0.08294837240579078
"[0, 0, 2, 0, 0, 2, 0, 0, 0]",0.033383532790472216
"[0, 0, 2, 0, 1, 0, 0, 0, 0]",0.033068056905581386
"[0, 0, 2, 0, 1, 0, 0, 0, 1]",0.051417283640920415
"[0, 0, 2, 0, 1, 0, 0, 1, 0]",0.04071148713930641
"[0, 0, 2, 0, 1, 0, 1, 0, 0]",0.03242908091543619
"[0, 0, 2, 0, 1, 1, 0, 0, 0]",0.10703768071141105
"[0, 0, 2, 0, 2, 0, 0, 0, 0]",0.1332107785450574
"[0, 0, 2, 1, 0, 0, 0, 0, 0]",0.11458543259189205
"[0, 0, 2, 1, 0, 0, 0, 0, 1]",0.12130371725216153
"[0, 0, 2, 1, 0, 0, 0, 1, 0]",0.22970617081938552
"[0, 0, 2, 1, 0, 0, 1, 0, 0]",0.4939837465488258
"[0, 0, 2, 1, 0, 1, 0, 0, 0]",0.11374247914996576
"[0, 0, 2, 1, 1, 0, 0, 0, 0]",0.36302672840139477
"[0, 0, 2, 2, 0, 0, 0, 0, 0]",0.1168483236684882
"[0, 0, 3, 0, 0, 0, 0, 0, 0]",0.10144402497982745
"[0, 0, 3, 0, 0, 0, 0, 0, 1]",0.16212517301740326
"[0, 0, 3, 0, 0, 0, 0, 1, 0]",0.2251232216627699
"[0, 0, 3, 0, 0, 1, 0, 0, 0]",0.42271125889960515
"[0, 0, 3, 0, 1, 0, 0, 0, 0]",0.25710920181394514
"[0, 0, 3, 1, 0, 0, 0, 0, 0]",0.5842270884493371
"[0, 0, 4, 0, 0, 0, 0, 0, 0]",0.26393995718484076
"[0, 1, 0, 0, 0, 0, 0, 0, 0]",0.010662230511647346
"[0, 1, 0, 0, 0, 0, 0, 0, 1]",0.05518401809569458
"[0, 1, 0, 0, 0, 0, 0, 0, 2]",0.011813526151401545
"[0, 1, 0, 0, 0, 0, 0, 0, 3]",0.025919981012621808
"[0, 1, 0, 0, 0, 0, 0, 1, 0]",0.017085867888202332
"[0, 1, 0, 0, 0, 0, 0, 1, 1]",0.01651141948546942
"[0, 1, 0, 0, 0, 0, 0, 1, 2]",0.1065999097447119
"[0, 1, 0, 0, 0, 0, 0, 2, 0]",0.024845169923345147
"[0, 1, 0, 0, 0, 0, 0, 2, 1]",0.019405327487760915
"[0, 1, 0, 0, 0, 0, 0, 3, 0]",0.016055215984559064
"[0, 1, 0, 0, 0, 0, 1, 0, 0]",0.012647144783867232
"[0, 1, 0, 0, 0, 0, 1, 0, 1]",0.013769366726423943
"[0, 1, 0, 0, 0, 0, 1, 0, 2]",0.017194760892668765
"[0, 1, 0, 0, 0, 0, 1, 1, 0]",0.01602092931877642
"[0, 1, 0, 0, 0, 0, 1, 1, 1]",0.04968231752696277
"[0, 1, 0, 0, 0, 0, 2, 0, 0]",0.07172274503876411
"[0, 1, 0, 0, 0, 0, 3, 0, 0]",0.05213863452935363
"[0, 1, 0, 0, 0, 1, 0, 0, 0]",0.010891319991499724
"[0, 1, 0, 0, 0, 1, 0, 0, 1]",0.011598127530442827
"[0, 1, 0, 0, 0, 1, 0, 0, 2]",0.06740161359447885
"[0, 1, 0, 0, 0, 1, 0, 1, 0]",0.013150746165699416
"[0, 1, 0, 0, 0, 1, 0, 1, 1]",0.09454396490399207
"[0, 1, 0, 0, 0, 1, 0, 2, 0]",0.036294182732464236
"[0, 1, 0, 0, 0, 1, 1, 0, 1]",0.046203013022579016
"[0, 1, 0, 0, 0, 2, 0, 0, 0]",0.01337837385168129
"[0, 1, 0, 0, 0, 2, 0, 0, 1]",0.03592542437594789
"[0, 1, 0, 0, 0, 2, 0, 1, 0]",0.013884687564778151
"[0, 1, 0, 0, 0, 2, 1, 0, 0]",0.06296106658061598
"[0, 1, 0, 0, 0, 3, 0, 0, 0]",0.013355638614991908
"[0, 1, 0, 0, 1, 0, 0, 0, 0]",0.08774916288510418
"[0, 1, 0, 0, 1, 0, 0, 1, 0]",0.03783488435291265
"[0, 1, 0, 0, 1, 0, 0, 2, 0]",0.2006194355271105
"[0, 1, 0, 0, 1, 0, 1, 0, 1]",0.02094183265727119
"[0, 1, 0, 0, 1, 0, 1, 1, 0]",0.08551829111413216
"[0, 1, 0, 0, 1, 0, 2, 0, 0]",0.0341516233684645
"[0, 1, 0, 0, 1, 1, 0, 0, 0]",0.011689221603164839
"[0, 1, 0, 0, 2, 0, 0, 1, 0]",0.15497048924177773
"[0, 1, 0, 0, 3, 0, 0, 0, 0]",0.21362419008821618
"[0, 1, 0, 1, 0, 0, 0, 0, 0]",0.023377673933711787
"[0, 1, 0, 1, 0, 0, 0, 0, 1]",0.028184308699722896
"[0, 1, 0, 1, 0, 0, 0, 0, 2]",0.11176998491101649
"[0, 1, 0, 1, 0, 0, 0, 1, 0]",0.036845075657457094
"[0, 1, 0, 1, 0, 0, 0, 1, 1]",0.07774837590459173
"[0, 1, 0, 1, 0, 0, 0, 2, 0]",0.10911873628919726
"[0, 1, 0, 1, 0, 0, 1, 0, 0]",0.017167790848490197
"[0, 1, 0, 1, 0, 0, 1, 0, 1]",0.055155913546288536
"[0, 1, 0, 1, 0, 0, 2, 0, 0]",0.2535623474870496
"[0, 1, 0, 1, 0, 1, 0, 0, 0]",0.03347101669369027
"[0, 1, 0, 1, 0, 1, 0, 0, 1]",0.05282519150529469
"[0, 1, 0, 1, 0, 1, 0, 1, 0]",0.08629247900680088
"[0, 1, 0, 1, 0, 1, 1, 0, 0]",0.32346442084127436
"[0, 1, 0, 1, 0, 2, 0, 0, 0]",0.09889615487658464
"[0, 1, 0, 1, 1, 1, 0, 0, 0]",0.03569076541458028
"[0, 1, 0, 2, 0, 0, 0, 0, 0]",0.047121662817178396
"[0, 1, 0, 2, 0, 0, 0, 0, 1]",0.18915365981949867
"[0, 1, 0, 2, 0, 0, 0, 1, 0]",0.15828371630140137
"[0, 1, 0, 2, 0, 0, 1, 0, 0]",0.12326036725182558
"[0, 1, 0, 2, 0, 1, 0, 0, 0]",0.1886763608629367
"[0, 1, 0, 3, 0, 0, 0, 0, 0]",0.37357293520569756
"[0, 1, 1, 0, 0, 0, 0, 0, 2]",0.0703575299402096
"[0, 1, 1, 0, 0, 0, 0, 1, 0]",0.017041399471374737
"[0, 1, 1, 0, 0, 0, 0, 1, 1]",0.10232319588658684
"[0, 1, 1, 0, 0, 0, 0, 2, 0]",0.06471624686737493
"[0, 1, 1, 0, 0, 1, 0, 1, 0]",0.06889100722737619
"[0, 1, 1, 0, 1, 0, 1, 0, 0]",0.42425756103386664
"[0, 1, 1, 1, 0, 0, 0, 0, 0]",0.0419522104294193
"[0, 1, 1, 1, 0, 0, 0, 0, 1]",0.043919632703136126
"[0, 1, 1, 1, 0, 0, 0, 1, 0]",0.06298286756635417
"[0, 1, 1, 1, 0, 0, 1, 0, 0]",0.11039554987699234
"[0, 1, 1, 1, 0, 1, 0, 0, 0]",0.16370291829823555
"[0, 1, 1, 2, 0, 0, 0, 0, 0]",0.21026410640126766
"[0, 1, 2, 0, 0, 0, 0, 0, 0]",0.029740415011608026
"[0, 1, 2, 0, 0, 0, 0, 0, 1]",0.1353171890368756
"[0, 1, 2, 0, 0, 0, 0, 1, 0]",0.2786060076857016
"[0, 1, 2, 0, 0, 0, 1, 0, 0]",0.29121852978279633
"[0, 1, 2, 0, 0, 1, 0, 0, 0]",0.09461456243634925
"[0, 1, 2, 1, 0, 0, 0, 0, 0]",0.24562311635033518
"[0, 1, 3, 0, 0, 0, 0, 0, 0]",0.2316763997066622
"[0, 2, 0, 0, 0, 0, 0, 0, 0]",0.008827901040129786
"[0, 2, 0, 0, 0, 0, 0, 0, 1]",0.04706304560903568
"[0, 2, 0, 0, 0, 0, 0, 0, 2]",0.04612396860930574
"[0, 2, 0, 0, 0, 0, 0, 1, 0]",0.047117992164903096
"[0, 2, 0, 0, 0, 0, 0, 1, 1]",0.08238221318150156
"[0, 2, 0, 0, 0, 0, 0, 2, 0]",0.06235992027054027
"[0, 2, 0, 0, 0, 0, 1, 0, 0]",0.025954090923048127
"[0, 2, 0, 0, 0, 0, 1, 0, 1]",0.055455081510541085
"[0, 2, 0, 0, 0, 0, 1, 1, 0]",0.052310544323588455
"[0, 2, 0, 0, 0, 1, 0, 0, 1]",0.11276368844104864
"[0, 2, 0, 0, 0, 1, 1, 0, 0]",0.10816581179133383
"[0, 2, 0, 0, 0, 2, 0, 0, 0]",0.10981060488578566
"[0, 2, 0, 0, 1, 0, 1, 0, 0]",0.10835096133094307
"[0, 2, 0, 0, 1, 1, 0, 0, 0]",0.040429876261541785
"[0, 2, 0, 0, 2, 0, 0, 0, 0]",0.041720929538907416
"[0, 2, 0, 1, 0, 0, 0, 0, 0]",0.08261186682195053
"[0, 2, 0, 1, 0, 0, 0, 0, 1]",0.11104316482202659
"[0, 2, 0, 1, 0, 0, 0, 1, 0]",0.13198588880494105
"[0, 2, 0, 1, 0, 0, 1, 0, 0]",0.1939037399015755
"[0, 2, 0, 1, 0, 1, 0, 0, 0]",0.1867838731427771
"[0, 2, 1, 0, 0, 0, 0, 1, 0]",0.5104172642357744
"[0, 2, 1, 0, 0, 0, 1, 0, 0]",0.12126002021621796
"[0, 2, 1, 0, 0, 1, 0, 0, 0]",0.3704175690039277
"[0, 2, 1, 1, 0, 0, 0, 0, 0]",0.28057830633766984
"[0, 2, 2, 0, 0, 0, 0, 0, 0]",0.29182043721890866
"[0, 3, 0, 0, 0, 0, 0, 0, 0]",0.11122570183814821
"[0, 3, 0, 0, 0, 0, 0, 0, 1]",0.17475738639419647
"[0, 3, 0, 0, 0, 0, 1, 0, 0]",0.07326496081608815
"[0, 3, 0, 0, 0, 1, 0, 0, 0]",0.5275920897894051
"[0, 3, 0, 1, 0, 0, 0, 0, 0]",0.3717723970335155
"[0, 3, 1, 0, 0, 0, 0, 0, 0]",1.1056595397843754
"[0, 4, 0, 0, 0, 0, 0, 0, 0]",2.280673782667972
"[1, 0, 0, 0, 0, 0, 0, 0, 0]",0.023287761800046818
"[1, 0, 0, 0, 0, 0, 0, 0, 1]",0.04965101348449001
"[1, 0, 0, 0, 0, 0, 0, 0, 2]",0.009787272963091004
"[1, 0, 0, 0, 0, 0, 0, 0, 3]",0.15024925438486406
"[1, 0, 0, 0, 0, 0, 0, 1, 0]",0.010364065989302696
"[1, 0, 0, 0, 0, 0, 0, 1, 1]",0.03331420749959978
"[1, 0, 0, 0, 0, 0, 0, 1, 2]",0.243264181941099
"[1, 0, 0, 0, 0, 0, 0, 2, 0]",0.1421097492409966
"[1, 0, 0, 0, 0, 0, 0, 2, 1]",0.13253149614580098
"[1, 0, 0, 0, 0, 0, 0, 3, 0]",0.11939123908873203
"[1, 0, 0, 0, 0, 0, 1, 0, 0]",0.03327715697824936
"[1, 0, 0, 0, 0, 0, 1, 0, 1]",0.08035578076038129
"[1, 0, 0, 0, 0, 0, 1, 0, 2]",0.13945535942691947
"[1, 0, 0, 0, 0, 0, 1, 1, 1]",0.09863775145068943
"[1, 0, 0, 0, 0, 0, 2, 0, 0]",0.25090572673628664
"[1, 0, 0, 0, 0, 0, 2, 0, 1]",0.13752695115754748
"[1, 0, 0, 0, 0, 0, 2, 1, 0]",0.3078366182333596
"[1, 0, 0, 0, 0, 0, 3, 0, 0]",0.1934587350941384
"[1, 0, 0, 0, 0, 1, 0, 0, 0]",0.010200225169960064
"[1, 0, 0, 0, 0, 1, 0, 0, 1]",0.0411187012991747
"[1, 0, 0, 0, 0, 1, 0, 0, 2]",0.14784007000182023
"[1, 0, 0, 0, 0, 1, 0, 1, 0]",0.06396906341518581
"[1, 0, 0, 0, 0, 1, 0, 1, 1]",0.19059218536417502
"[1, 0, 0, 0, 0, 1, 0, 2, 0]",0.1891942028156253
"[1, 0, 0, 0, 0, 1, 1, 0, 0]",0.050213762280353395
"[1, 0, 0, 0, 0, 1, 1, 0, 1]",0.09717030552683888
"[1, 0, 0, 0, 0, 1, 1, 1, 0]",0.12414543700610257
"[1, 0, 0, 0, 0, 1, 2, 0, 0]",0.0641429098056312
"[1, 0, 0, 0, 0, 2, 0, 0, 0]",0.23761190671275562
"[1, 0, 0, 0, 0, 2, 0, 0, 1]",0.17532982817195633
"[1, 0, 0, 0, 0, 2, 0, 1, 0]",0.19599993987449357
"[1, 0, 0, 0, 0, 2, 1, 0, 0]",0.25155453655121807
"[1, 0, 0, 0, 0, 3, 0, 0, 0]",0.06283571438803649
"[1, 0, 0, 0, 1, 0, 0, 0, 1]",0.08562386150096565
"[1, 0, 0, 0, 1, 0, 0, 0, 2]",0.3762155639728629
"[1, 0, 0, 0, 1, 0, 0, 1, 0]",0.1747530814580759
"[1, 0, 0, 0, 1, 0, 0, 1, 1]",0.12590319920939383
"[1, 0, 0, 0, 1, 0, 0, 2, 0]",0.13694110520595093
"[1, 0, 0, 0, 1, 0, 1, 0, 0]",0.08244216096643178
"[1, 0, 0, 0, 1, 0, 1, 0, 1]",0.0897022313559617
"[1, 0, 0, 0, 1, 0, 1, 1, 0]",0.3186763895451069
"[1, 0, 0, 0, 1, 0, 2, 0, 0]",0.09576554369459499
"[1, 0, 0, 0, 1, 1, 0, 0, 0]",0.02333542955631103
"[1, 0, 0, 0, 1, 1, 0, 0, 1]",0.16504104650611645
"[1, 0, 0, 0, 1, 1, 0, 1, 0]",0.16469132002611292
"[1, 0, 0, 0, 1, 1, 1, 0, 0]",0.15645435108854053
"[1, 0, 0, 0, 1, 2, 0, 0, 0]",0.2678113689344759
"[1, 0, 0, 0, 2, 0, 1, 0, 0]",0.0622085860384953
"[1, 0, 0, 0, 3, 0, 0, 0, 0]",1.1704597591711803
"[1, 0, 0, 1, 0, 0, 0, 0, 1]",0.05741910899077642
"[1, 0, 0, 1, 0, 0, 0, 0, 2]",0.19125835174219427
"[1, 0, 0, 1, 0, 0, 0, 1, 1]",0.1694320310193325
"[1, 0, 0, 1, 0, 0, 1, 0, 1]",0.07205935155149343
"[1, 0, 0, 1, 0, 1, 0, 0, 0]",0.10087111405148579
"[1, 0, 0, 1, 0, 1, 0, 0, 1]",0.15820345981190514
"[1, 0, 0, 1, 0, 1, 0, 1, 0]",0.09477141491173247
"[1, 0, 0, 1, 0, 1, 1, 0, 0]",0.08775018105789367
"[1, 0, 0, 1, 0, 2, 0, 0, 0]",0.07992745605821681
"[1, 0, 0, 1, 1, 0, 0, 0, 1]",0.16773627093209467
"[1, 0, 0, 1, 1, 0, 0, 1, 0]",0.13051199072815522
"[1, 0, 0, 1, 1, 0, 1, 0, 0]",0.17935695731604448
"[1, 0, 0, 1, 1, 1, 0, 0, 0]",0.06906035459943281
"[1, 0, 0, 2, 0, 0, 0, 0, 0]",0.1184276759055706
"[1, 0, 0, 2, 0, 0, 0, 0, 1]",0.2228574501876322
"[1, 0, 0, 2, 0, 0, 0, 0, 2]",0.3963029116136107
"[1, 0, 0, 2, 0, 0, 0, 1, 0]",0.6754420020389607
"[1, 0, 0, 2, 0, 0, 1, 0, 0]",0.15798185543738222
"[1, 0, 0, 2, 0, 1, 0, 0, 0]",0.31537894820423096
"[1, 0, 0, 2, 1, 0, 0, 0, 0]",1.007242902973205
"[1, 0, 0, 3, 0, 0, 0, 0, 0]",1.030146475043376
"[1, 0, 1, 0, 0, 0, 0, 0, 0]",0.024884451019775954
"[1, 0, 1, 0, 0, 0, 0, 0, 1]",0.045482500213733706
"[1, 0, 1, 0, 0, 0, 0, 0, 2]",0.1992287485179019
"[1, 0, 1, 0, 0, 0, 0, 1, 0]",0.20867684021355845
"[1, 0, 1, 0, 0, 0, 0, 1, 1]",0.32200875897786185
"[1, 0, 1, 0, 0, 0, 0, 2, 0]",0.2942785480427383
"[1, 0, 1, 0, 0, 0, 1, 0, 0]",0.12724722166060196
"[1, 0, 1, 0, 0, 0, 1, 0, 1]",0.11824520589038262
"[1, 0, 1, 0, 0, 0, 1, 1, 0]",0.2160692865102203
"[1, 0, 1, 0, 0, 0, 2, 0, 0]",0.5952725761487427
"[1, 0, 1, 0, 0, 1, 0, 0, 0]",0.2073014618820367
"[1, 0, 1, 0, 0, 1, 0, 0, 1]",0.1316911068312249
"[1, 0, 1, 0, 0, 1, 0, 1, 0]",0.25865882000313617
"[1, 0, 1, 0, 0, 1, 1, 0, 0]",0.08262960185061023
"[1, 0, 1, 0, 0, 2, 0, 0, 0]",0.34199832619111875
"[1, 0, 1, 0, 1, 0, 0, 0, 0]",0.2044068401250981
"[1, 0, 1, 0, 1, 0, 0, 0, 1]",0.17934123358601237
"[1, 0, 1, 0, 1, 0, 0, 1, 0]",0.1704050302891069
"[1, 0, 1, 0, 1, 0, 1, 0, 0]",0.600627142365161
"[1, 0, 1, 0, 1, 1, 0, 0, 0]",0.22426680434246463
"[1, 0, 1, 1, 0, 0, 0, 0, 0]",0.04289354085694003
"[1, 0, 1, 1, 0, 0, 0, 0, 1]",0.16803727241203212
"[1, 0, 1, 1, 0, 0, 0, 1, 0]",0.2935257249410703
"[1, 0, 1, 1, 0, 0, 1, 0, 0]",0.3097656802597271
"[1, 0, 1, 1, 0, 1, 0, 0, 0]",0.11369434680452738
"[1, 0, 1, 2, 0, 0, 0, 0, 0]",0.6364991787116085
"[1, 0, 2, 0, 0, 0, 0, 0, 0]",0.256039742501485
"[1, 0, 2, 0, 0, 0, 0, 0, 1]",0.1866699129278042
"[1, 0, 2, 0, 0, 0, 0, 1, 0]",1.1814424227715092
"[1, 0, 2, 0, 0, 0, 1, 0, 0]",0.2795151916675182
"[1, 0, 2, 0, 0, 1, 0, 0, 0]",0.3834917100625585
"[1, 0, 2, 0, 1, 0, 0, 0, 0]",0.258595556289479
"[1, 0, 2, 1, 0, 0, 0, 0, 0]",0.7432846305147949
"[1, 0, 3, 0, 0, 0, 0, 0, 0]",1.5160384401994818
"[1, 1, 0, 0, 0, 0, 0, 0, 0]",0.03317650446433937
"[1, 1, 0, 0, 0, 0, 0, 0, 1]",0.13522687647887346
"[1, 1, 0, 0, 0, 0, 0, 0, 2]",0.16478599153131201
"[1, 1, 0, 0, 0, 0, 0, 1, 0]",0.06317381420709468
"[1, 1, 0, 0, 0, 0, 0, 1, 1]",0.11963051280358034
"[1, 1, 0, 0, 0, 0, 0, 2, 0]",0.2349516513581627
"[1, 1, 0, 0, 0, 0, 1, 0, 0]",0.049675074824831175
"[1, 1, 0, 0, 0, 0, 1, 0, 1]",0.10716956874067103
"[1, 1, 0, 0, 0, 0, 1, 1, 0]",0.19782741603978163
"[1, 1, 0, 0, 0, 0, 2, 0, 0]",0.1718124746156871
"[1, 1, 0, 0, 0, 1, 0, 0, 0]",0.03705820308985277
"[1, 1, 0, 0, 0, 1, 0, 0, 1]",0.19130763439702514
"[1, 1, 0, 0, 0, 1, 0, 1, 0]",0.2212585590142337
"[1, 1, 0, 0, 0, 1, 1, 0, 0]",0.09774804268185408
"[1, 1, 0, 0, 0, 2, 0, 0, 0]",0.28905282076643374
"[1, 1, 0, 0, 1, 0, 0, 0, 0]",0.2747844409453717
"[1, 1, 0, 0, 1, 0, 0, 1, 0]",0.7858900604145501
"[1, 1, 0, 0, 1, 0, 1, 0, 0]",0.04121155764287691
"[1, 1, 0, 0, 1, 1, 0, 0, 0]",0.1770333666537763
"[1, 1, 0, 0, 2, 0, 0, 0, 0]",0.39931771638416114
"[1, 1, 0, 1, 0, 0, 0, 0, 0]",0.1602788281769371
"[1, 1, 0, 1, 0, 0, 0, 0, 1]",0.3128940235565528
"[1, 1, 0, 1, 0, 0, 0, 1, 0]",0.23499854354098318
"[1, 1, 0, 1, 0, 0, 1, 0, 0]",0.42400148725021386
"[1, 1, 0, 1, 0, 1, 0, 0, 0]",0.30803160144074465
"[1, 1, 0, 1, 1, 0, 0, 0, 0]",1.787205655372212
"[1, 1, 0, 2, 0, 0, 0, 0, 0]",0.600952253027975
"[1, 1, 1, 0, 0, 0, 0, 0, 0]",0.2682133502577964
"[1, 1, 1, 0, 0, 0, 0, 0, 1]",0.3494228613117708
"[1, 1, 1, 0, 0, 0, 0, 1, 0]",0.44774872265344184
"[1, 1, 1, 0, 0, 0, 1, 0, 0]",0.6832075365540942
"[1, 1, 1, 0, 0, 1, 0, 0, 0]",0.4424425240362668
"[1, 1, 1, 0, 1, 0, 0, 0, 0]",0.5250624175788708
"[1, 1, 1, 1, 0, 0, 0, 0, 0]",0.495661940995226
"[1, 1, 2, 0, 0, 0, 0, 0, 0]",0.566474165203724
"[1, 2, 0, 0, 0, 0, 0, 0, 0]",0.26847737032255564
"[1, 2, 0, 0, 0, 0, 0, 0, 1]",0.333905020233016
"[1, 2, 0, 0, 0, 0, 0, 1, 0]",0.9326056764106953
"[1, 2, 0, 0, 0, 0, 1, 0, 0]",0.2962325383631349
"[1, 2, 0, 0, 0, 1, 0, 0, 0]",1.2480365920411607
"[1, 2, 0, 0, 1, 0, 0, 0, 0]",2.66776767444843
"[1, 2, 0, 1, 0, 0, 0, 0, 0]",0.757396031683146
"[1, 2, 1, 0, 0, 0, 0, 0, 0]",1.503752155435764
"[1, 3, 0, 0, 0, 0, 0, 0, 0]",2.0438932774350613
"[2, 0, 0, 0, 0, 0, 0, 0, 0]",0.11785382747989377
"[2, 0, 0, 0, 0, 0, 0, 0, 1]",0.2300453649797549
"[2, 0, 0, 0, 0, 0, 0, 0, 2]",0.3147168397331529
"[2, 0, 0, 0, 0, 0, 0, 1, 0]",0.5427349294231539
"[2, 0, 0, 0, 0, 0, 0, 1, 1]",0.3517234468529436
"[2, 0, 0, 0, 0, 0, 0, 2, 0]",0.4009907217565618
"[2, 0, 0, 0, 0, 0, 1, 0, 0]",0.2614269827488853
"[2, 0, 0, 0, 0, 0, 1, 0, 1]",0.2358993519651389
"[2, 0, 0, 0, 0, 0, 1, 0, 3]",0.8107546304475379
"[2, 0, 0, 0, 0, 0, 1, 1, 0]",0.1949818229445318
"[2, 0, 0, 0, 0, 0, 2, 0, 0]",0.33886864923102183
"[2, 0, 0, 0, 0, 1, 0, 0, 0]",0.3103467864325454
"[2, 0, 0, 0, 0, 1, 0, 0, 1]",0.5209228554280838
"[2, 0, 0, 0, 0, 1, 0, 1, 0]",0.17661420219809554
"[2, 0, 0, 0, 0, 1, 1, 0, 0]",0.2081830930217234
"[2, 0, 0, 0, 0, 2, 0, 0, 0]",0.3688205055224774
"[2, 0, 0, 0, 1, 0, 0, 0, 0]",2.0491557537084453
"[2, 0, 0, 0, 1, 0, 0, 0, 1]",0.19438044053021783
"[2, 0, 0, 0, 1, 0, 0, 1, 0]",4.618277531785505
"[2, 0, 0, 0, 1, 0, 1, 0, 0]",0.3017937163400759
"[2, 0, 0, 0, 1, 1, 0, 0, 0]",0.38093282523292693
"[2, 0, 0, 1, 0, 0, 0, 0, 0]",0.6175419817012262
"[2, 0, 0, 1, 0, 0, 0, 0, 1]",0.0950683633337883
"[2, 0, 0, 1, 0, 0, 0, 1, 0]",1.125314856446902
"[2, 0, 0, 1, 0, 1, 0, 0, 0]",1.0242314105419619
"[2, 0, 1, 0, 0, 0, 0, 0, 0]",0.464853807642862
"[2, 0, 1, 0, 0, 0, 0, 0, 1]",0.5961498447628256
"[2, 0, 1, 0, 0, 0, 0, 1, 0]",0.3692863719920483
"[2, 0, 1, 0, 0, 0, 1, 0, 0]",0.5348299393015459
"[2, 0, 1, 0, 0, 1, 0, 0, 0]",0.4877967816695128
"[2, 1, 0, 0, 0, 0, 0, 0, 0]",0.3527944848447848
"[2, 1, 0, 0, 0, 0, 0, 0, 1]",0.26086464059743
"[2, 1, 0, 0, 0, 0, 0, 1, 0]",0.5890101877510221
"[2, 1, 0, 0, 0, 0, 1, 0, 0]",0.4273835483745964
