"['v1', 'v2', 'v3', 'v4', 'v5', 'v6']",lifetime_i
"[0, 0, 0, 0, 0, 0]",inf
"[0, 0, 0, 0, 0, 1]",1.266806116917545
"[0, 0, 0, 0, 0, 2]",0.6495226804418716
"[0, 0, 0, 0, 0, 3]",0.44245390749521624
"[0, 0, 0, 0, 0, 4]",0.3389437959557442
"[0, 0, 0, 0, 0, 5]",1.834203783759338
"[0, 0, 0, 0, 0, 6]",0.23319732448905156
"[0, 0, 0, 0, 0, 7]",0.1977884401375739
"[0, 0, 0, 0, 0, 8]",6.194468163645039
"[0, 0, 0, 0, 0, 9]",13.519429444200355
"[0, 0, 0, 0, 0, 10]",961.2337030769185
"[0, 0, 0, 0, 0, 11]",2414.2940549912178
"[0, 0, 0, 0, 0, 12]",80479.71188090037
"[0, 0, 0, 0, 0, 13]",123238.37449803791
"[0, 0, 0, 0, 0, 14]",663489.7970003748
"[0, 0, 0, 0, 0, 15]",1902234.4184200116
"[0, 0, 0, 0, 0, 16]",1317150.7773851627
"[0, 0, 0, 0, 0, 17]",3404431.648772607
"[0, 0, 0, 0, 1, 0]",1.4779627921521592
"[0, 0, 0, 0, 1, 1]",0.6830523686603647
"[0, 0, 0, 0, 1, 2]",0.4554168976477133
"[0, 0, 0, 0, 1, 3]",0.34311098914614463
"[0, 0, 0, 0, 1, 4]",0.28000396712016784
"[0, 0, 0, 0, 1, 5]",0.23299095051576987
"[0, 0, 0, 0, 1, 6]",0.1985353445514757
"[0, 0, 0, 0, 1, 7]",8.563783701093168
"[0, 0, 0, 0, 1, 8]",9.225655891627362
"[0, 0, 0, 0, 1, 9]",1518.7689921757594
"[0, 0, 0, 0, 1, 10]",1831.7950837629855
"[0, 0, 0, 0, 1, 11]",155311.27154667888
"[0, 0, 0, 0, 1, 12]",194161.00876083956
"[0, 0, 0, 0, 1, 13]",670754.1280612327
"[0, 0, 0, 0, 1, 14]",1173085.75734365
"[0, 0, 0, 0, 1, 15]",174574.7758952084
"[0, 0, 0, 0, 1, 16]",8299025.869156758
"[0, 0, 0, 0, 2, 0]",0.8225787340710838
"[0, 0, 0, 0, 2, 1]",0.49529338008511514
"[0, 0, 0, 0, 2, 2]",0.3652981737458185
"[0, 0, 0, 0, 2, 3]",0.2888299627901162
"[0, 0, 0, 0, 2, 4]",0.2397684796832398
"[0, 0, 0, 0, 2, 5]",0.20424093455204156
"[0, 0, 0, 0, 2, 6]",7.932342388745135
"[0, 0, 0, 0, 2, 7]",7.92506909191609
"[0, 0, 0, 0, 2, 8]",941.2045483165107
"[0, 0, 0, 0, 2, 9]",1375.3743507385013
"[0, 0, 0, 0, 2, 10]",100694.74268352127
"[0, 0, 0, 0, 2, 11]",161506.4824389158
"[0, 0, 0, 0, 2, 12]",300644.45654709963
"[0, 0, 0, 0, 2, 13]",1526208.8906187413
"[0, 0, 0, 0, 2, 14]",598912.8031330897
"[0, 0, 0, 0, 3, 0]",0.5749087506614123
"[0, 0, 0, 0, 3, 1]",0.3920778748019184
"[0, 0, 0, 0, 3, 2]",0.31279202470572287
"[0, 0, 0, 0, 3, 3]",0.25581292313923254
"[0, 0, 0, 0, 3, 4]",0.21593434834057756
"[0, 0, 0, 0, 3, 5]",6.721471230538151
"[0, 0, 0, 0, 3, 6]",6.914441521229132
"[0, 0, 0, 0, 3, 7]",379.4402418529179
"[0, 0, 0, 0, 3, 8]",595.308978174774
"[0, 0, 0, 0, 3, 9]",40049.44085954818
"[0, 0, 0, 0, 3, 10]",66378.04990559643
"[0, 0, 0, 0, 3, 11]",135046.33217667966
"[0, 0, 0, 0, 3, 12]",571558.1979513306
"[0, 0, 0, 0, 3, 13]",26012672.568626944
"[0, 0, 0, 0, 4, 0]",0.8549356408174773
"[0, 0, 0, 0, 4, 1]",0.32502070885868045
"[0, 0, 0, 0, 4, 2]",0.26776968151440306
"[0, 0, 0, 0, 4, 3]",0.22156477631985103
"[0, 0, 0, 0, 4, 4]",9.091805788739475
"[0, 0, 0, 0, 4, 5]",7.763637647561165
"[0, 0, 0, 0, 4, 6]",512.3377898080666
"[0, 0, 0, 0, 4, 7]",652.91895743489
"[0, 0, 0, 0, 4, 8]",76424.94778715922
"[0, 0, 0, 0, 4, 9]",79674.06195808275
"[0, 0, 0, 0, 4, 10]",133220.10793145554
"[0, 0, 0, 0, 4, 11]",257235.35625035246
"[0, 0, 0, 0, 4, 12]",3300890.8060055044
"[0, 0, 0, 0, 5, 0]",0.37677401626209966
"[0, 0, 0, 0, 5, 1]",0.2826504384848591
"[0, 0, 0, 0, 5, 2]",0.2311639082071827
"[0, 0, 0, 0, 5, 3]",9.55904529599201
"[0, 0, 0, 0, 5, 4]",8.387856825894003
"[0, 0, 0, 0, 5, 5]",622.0900835208504
"[0, 0, 0, 0, 5, 6]",969.9889485485244
"[0, 0, 0, 0, 5, 7]",63058.808586967716
"[0, 0, 0, 0, 5, 8]",54507.70772478143
"[0, 0, 0, 0, 5, 9]",92849.2177692932
"[0, 0, 0, 0, 5, 10]",193444.4332775128
"[0, 0, 0, 0, 5, 11]",1011761.0156241445
"[0, 0, 0, 0, 6, 0]",0.2960750436710856
"[0, 0, 0, 0, 6, 1]",0.23808170546611068
"[0, 0, 0, 0, 6, 2]",10.18866379582317
"[0, 0, 0, 0, 6, 3]",7.61106963059884
"[0, 0, 0, 0, 6, 4]",423.13263105085014
"[0, 0, 0, 0, 6, 5]",541.821022116019
"[0, 0, 0, 0, 6, 6]",41837.204114620894
"[0, 0, 0, 0, 6, 7]",44695.46327421473
"[0, 0, 0, 0, 6, 8]",52931.64578299184
"[0, 0, 0, 0, 6, 9]",58927.22886451542
"[0, 0, 0, 0, 6, 10]",289854.95553669345
"[0, 0, 0, 0, 7, 0]",0.21767744964848754
"[0, 0, 0, 0, 7, 1]",14.558488617725313
"[0, 0, 0, 0, 7, 2]",8.338123586984324
"[0, 0, 0, 0, 7, 3]",643.0183473969525
"[0, 0, 0, 0, 7, 4]",870.7083923793177
"[0, 0, 0, 0, 7, 5]",41706.34857277796
"[0, 0, 0, 0, 7, 6]",47937.36923439413
"[0, 0, 0, 0, 7, 7]",27543.3039218154
"[0, 0, 0, 0, 7, 8]",38186.32599174994
"[0, 0, 0, 0, 7, 9]",720837.2827577594
"[0, 0, 0, 0, 8, 0]",15.751023262173026
"[0, 0, 0, 0, 8, 1]",17.98275561574194
"[0, 0, 0, 0, 8, 2]",896.4938029635937
"[0, 0, 0, 0, 8, 3]",836.0863539743727
"[0, 0, 0, 0, 8, 4]",31015.29360819384
"[0, 0, 0, 0, 8, 5]",34293.79532886211
"[0, 0, 0, 0, 8, 6]",25590.441244449623
"[0, 0, 0, 0, 8, 7]",27775.157547380084
"[0, 0, 0, 0, 8, 8]",612013.7603936746
"[0, 0, 0, 0, 9, 0]",444.7604915397878
"[0, 0, 0, 0, 9, 1]",980.0344549775343
"[0, 0, 0, 0, 9, 2]",1464.5483440098626
"[0, 0, 0, 0, 9, 3]",21894.45992234915
"[0, 0, 0, 0, 9, 4]",22600.33081397352
"[0, 0, 0, 0, 9, 5]",24451.599286398192
"[0, 0, 0, 0, 9, 6]",24416.135889462723
"[0, 0, 0, 0, 9, 7]",4566654.751859674
"[0, 0, 0, 0, 10, 0]",1458.6439302239644
"[0, 0, 0, 0, 10, 1]",1226.0358665747451
"[0, 0, 0, 0, 10, 2]",10676.766761498118
"[0, 0, 0, 0, 10, 3]",6389.624913803855
"[0, 0, 0, 0, 10, 4]",14226.467046449643
"[0, 0, 0, 0, 10, 5]",8058.436395017126
"[0, 0, 0, 0, 11, 0]",1221.5601837397794
"[0, 0, 0, 0, 11, 1]",7207.2101943977
"[0, 0, 0, 0, 11, 2]",2247.4376105502984
"[0, 0, 0, 0, 11, 3]",9011.308065457759
"[0, 0, 0, 0, 11, 4]",7015.490397322305
"[0, 0, 0, 0, 12, 0]",8354.217544021043
"[0, 0, 0, 0, 12, 1]",4772.345585436461
"[0, 0, 0, 0, 12, 2]",10832.43729062593
"[0, 0, 0, 0, 12, 3]",7842.089884478974
"[0, 0, 0, 0, 13, 0]",3619.8473535108324
"[0, 0, 0, 0, 13, 1]",3110.284151430696
"[0, 0, 0, 0, 13, 2]",13310.852241701887
"[0, 0, 0, 0, 14, 0]",2583.9986310227787
"[0, 0, 0, 0, 14, 1]",1064624.1703584895
"[0, 0, 0, 0, 15, 0]",469599.2812762914
"[0, 0, 4, 0, 0, 0]",0.7143807694778722
"[0, 0, 4, 0, 0, 1]",0.6357576808854307
"[0, 0, 4, 0, 0, 2]",25.101996834008023
"[0, 0, 4, 0, 0, 3]",42.050310754881274
"[0, 0, 4, 0, 0, 4]",97.8296823601749
"[0, 0, 4, 0, 0, 5]",3050.0794118294107
"[0, 0, 4, 0, 0, 6]",6498.943042371546
"[0, 0, 4, 0, 0, 7]",52618.88058883288
"[0, 0, 4, 0, 1, 0]",0.6462461137329064
"[0, 0, 4, 0, 1, 1]",20.94374443004808
"[0, 0, 4, 0, 1, 2]",41.37469424364333
"[0, 0, 4, 0, 1, 3]",110.0990789582629
"[0, 0, 4, 0, 1, 4]",2582.825464914765
"[0, 0, 4, 0, 1, 5]",13581.817454328495
"[0, 0, 4, 0, 1, 6]",4964279822.339538
"[0, 0, 4, 0, 2, 0]",16.617361041097386
"[0, 0, 4, 0, 2, 1]",29.232992966580262
"[0, 0, 4, 0, 2, 2]",135.02186598816232
"[0, 0, 4, 0, 2, 3]",2022.5226867797403
"[0, 0, 4, 0, 2, 4]",46268.4987814752
"[0, 0, 4, 0, 3, 0]",32.72804215305632
"[0, 0, 4, 0, 3, 1]",182.6274823016753
"[0, 0, 4, 0, 3, 2]",1965.557068039717
"[0, 0, 4, 0, 3, 3]",70278.16283824573
"[0, 0, 4, 0, 4, 0]",756.8992593359502
"[0, 0, 4, 0, 4, 1]",12686.94292491744
"[0, 0, 4, 0, 4, 2]",4750535.389596306
"[0, 0, 4, 0, 5, 0]",2373.782338079523
"[0, 0, 4, 0, 5, 1]",487251.51714279054
"[0, 0, 4, 0, 6, 0]",220837.43251618408
"[0, 0, 5, 0, 0, 0]",14.327650301576275
"[0, 0, 5, 0, 0, 1]",18.933358231380808
"[0, 0, 5, 0, 0, 2]",132.18926731579884
"[0, 0, 5, 0, 0, 3]",1141.7791356250177
"[0, 0, 5, 0, 0, 4]",15998.310699030613
"[0, 0, 5, 0, 1, 0]",47.955936918718024
"[0, 0, 5, 0, 1, 1]",153.88205902485055
"[0, 0, 5, 0, 1, 2]",1171.1022362832323
"[0, 0, 5, 0, 1, 3]",51329.159293365126
"[0, 0, 5, 0, 2, 0]",179.31636281767277
"[0, 0, 5, 0, 2, 1]",1036.3564590239907
"[0, 0, 5, 0, 2, 2]",145732.73288872128
"[0, 0, 5, 0, 3, 0]",1199.005462555179
"[0, 0, 5, 0, 3, 1]",249709.7466856904
"[0, 0, 5, 0, 4, 0]",938514.5503055672
"[0, 0, 7, 0, 0, 0]",401780.3651260152
"[0, 1, 1, 0, 0, 0]",0.6077144974138032
"[0, 1, 1, 0, 0, 1]",0.22632725374483015
"[0, 1, 1, 0, 0, 2]",0.14857453609225585
"[0, 1, 1, 0, 0, 3]",0.12150883896875597
"[0, 1, 1, 0, 0, 4]",3.5867185741941876
"[0, 1, 1, 0, 0, 5]",4.2942703983567565
"[0, 1, 1, 0, 0, 6]",82.29306978947223
"[0, 1, 1, 0, 0, 7]",171.37374840288638
"[0, 1, 1, 0, 0, 8]",17512.66536918787
"[0, 1, 1, 0, 0, 9]",17069.189723551583
"[0, 1, 1, 0, 0, 10]",20636.84161359071
"[0, 1, 1, 0, 0, 11]",377842.07112958096
"[0, 1, 1, 0, 0, 12]",633906.3522333706
"[0, 1, 1, 0, 1, 0]",0.25057337445682554
"[0, 1, 1, 0, 1, 1]",0.18040541884747194
"[0, 1, 1, 0, 1, 2]",0.10294033318842072
"[0, 1, 1, 0, 1, 3]",3.394215723596174
"[0, 1, 1, 0, 1, 4]",4.63977712677142
"[0, 1, 1, 0, 1, 5]",2.786602381902915
"[0, 1, 1, 0, 1, 6]",189.59331921270692
"[0, 1, 1, 0, 1, 7]",255.7007845095827
"[0, 1, 1, 0, 1, 8]",9875.472171297308
"[0, 1, 1, 0, 1, 9]",93710.04718987017
"[0, 1, 1, 0, 1, 10]",340130.45605340734
"[0, 1, 1, 0, 2, 0]",0.1909805158182871
"[0, 1, 1, 0, 2, 1]",0.13224827684383553
"[0, 1, 1, 0, 2, 2]",4.100655810536481
"[0, 1, 1, 0, 2, 3]",4.946333417476612
"[0, 1, 1, 0, 2, 4]",36.02517042918102
"[0, 1, 1, 0, 2, 5]",162.89777293784616
"[0, 1, 1, 0, 2, 6]",1024.6663140105356
"[0, 1, 1, 0, 2, 7]",8252.287257818516
"[0, 1, 1, 0, 2, 8]",26923.374830014818
"[0, 1, 1, 0, 2, 9]",6156479.73866971
"[0, 1, 1, 0, 3, 0]",0.17753362162913802
"[0, 1, 1, 0, 3, 1]",4.646027049238343
"[0, 1, 1, 0, 3, 2]",3.5057311981263344
"[0, 1, 1, 0, 3, 3]",17.29430455441901
"[0, 1, 1, 0, 3, 4]",147.20961858578036
"[0, 1, 1, 0, 3, 5]",699.1619703270636
"[0, 1, 1, 0, 3, 6]",6067.709412870221
"[0, 1, 1, 0, 3, 7]",11281.6846064827
"[0, 1, 1, 0, 3, 8]",844215.9049699322
"[0, 1, 1, 0, 3, 9]",1640431.3860040323
"[0, 1, 1, 0, 4, 0]",3.5060581921296197
"[0, 1, 1, 0, 4, 1]",3.2894423577498118
"[0, 1, 1, 0, 4, 2]",21.54148877619479
"[0, 1, 1, 0, 4, 3]",114.51161588295166
"[0, 1, 1, 0, 4, 4]",814.3790634106019
"[0, 1, 1, 0, 4, 5]",14692.90059817067
"[0, 1, 1, 0, 4, 6]",14571.913696581463
"[0, 1, 1, 0, 4, 7]",106283.13248838403
"[0, 1, 1, 0, 4, 8]",3935821.952678356
"[0, 1, 1, 0, 5, 0]",17.376245955628782
"[0, 1, 1, 0, 5, 1]",33.380265333296485
"[0, 1, 1, 0, 5, 2]",146.00288496764858
"[0, 1, 1, 0, 5, 3]",1935.9188259457037
"[0, 1, 1, 0, 5, 4]",132163.2617273389
"[0, 1, 1, 0, 5, 5]",13038.14434470983
"[0, 1, 1, 0, 5, 6]",43230.15782289086
"[0, 1, 1, 0, 5, 7]",1532376.7224445145
"[0, 1, 1, 0, 6, 0]",100.60280555186729
"[0, 1, 1, 0, 6, 1]",193.75290657763946
"[0, 1, 1, 0, 6, 2]",1201.2220188315302
"[0, 1, 1, 0, 6, 3]",25758.292470726163
"[0, 1, 1, 0, 6, 4]",6303.991056344762
"[0, 1, 1, 0, 6, 5]",114227.38627555485
"[0, 1, 1, 0, 6, 6]",109450.96835136197
"[0, 1, 1, 0, 7, 0]",242.11112856206785
"[0, 1, 1, 0, 7, 1]",1737.3094242848865
"[0, 1, 1, 0, 7, 2]",2379.364556240327
"[0, 1, 1, 0, 7, 3]",7496.880554981285
"[0, 1, 1, 0, 7, 4]",228118.97916418823
"[0, 1, 1, 0, 7, 5]",540164.9160297327
"[0, 1, 1, 0, 8, 0]",1112.2424169018668
"[0, 1, 1, 0, 8, 1]",31847.49635637063
"[0, 1, 1, 0, 8, 2]",5285.415475816147
"[0, 1, 1, 0, 8, 3]",11705.213069976091
"[0, 1, 1, 0, 8, 4]",27916.63224408156
"[0, 1, 1, 0, 9, 0]",15450.84592542477
"[0, 1, 1, 0, 9, 1]",5568.656754353126
"[0, 1, 1, 0, 9, 2]",3584.3810259402726
"[0, 1, 1, 0, 10, 0]",38532.93721186425
"[0, 1, 1, 0, 10, 1]",479425.7327388958
"[0, 1, 1, 0, 11, 0]",7571.173558560128
"[0, 1, 2, 0, 0, 0]",0.01018559230513804
"[0, 1, 2, 0, 0, 1]",0.010396874077744906
"[0, 1, 2, 0, 0, 2]",0.8862259077367453
"[0, 1, 2, 0, 0, 3]",0.9098456772644884
"[0, 1, 2, 0, 0, 4]",53.821210248737046
"[0, 1, 2, 0, 0, 5]",138.38755928441776
"[0, 1, 2, 0, 0, 6]",2107.334600126344
"[0, 1, 2, 0, 0, 7]",10438.666287531305
"[0, 1, 2, 0, 0, 8]",8771.304759711042
"[0, 1, 2, 0, 0, 9]",1410098.1683008678
"[0, 1, 2, 0, 1, 0]",0.018766844198049047
"[0, 1, 2, 0, 1, 1]",0.9087714991158908
"[0, 1, 2, 0, 1, 2]",0.9384090675095917
"[0, 1, 2, 0, 1, 3]",95.13259118399576
"[0, 1, 2, 0, 1, 4]",171.72928156756743
"[0, 1, 2, 0, 1, 5]",636.1833713727896
"[0, 1, 2, 0, 1, 6]",8555.844107491423
"[0, 1, 2, 0, 1, 7]",12124.66676616156
"[0, 1, 2, 0, 1, 8]",243886.5658557983
"[0, 1, 2, 0, 2, 0]",0.7935686575737098
"[0, 1, 2, 0, 2, 1]",0.8508389707464076
"[0, 1, 2, 0, 2, 2]",86.46672546491088
"[0, 1, 2, 0, 2, 3]",141.2681587808584
"[0, 1, 2, 0, 2, 4]",447.56108515401405
"[0, 1, 2, 0, 2, 5]",4875.334941979383
"[0, 1, 2, 0, 2, 6]",21324.34854718677
"[0, 1, 2, 0, 3, 0]",0.847507884107561
"[0, 1, 2, 0, 3, 1]",84.63476198063468
"[0, 1, 2, 0, 3, 2]",114.76087088676802
"[0, 1, 2, 0, 3, 3]",191.08220068077202
"[0, 1, 2, 0, 3, 5]",78914.27881379079
"[0, 1, 2, 0, 4, 0]",122.64756742284226
"[0, 1, 2, 0, 4, 1]",109.88926777588732
"[0, 1, 2, 0, 4, 2]",192.76401461559533
"[0, 1, 2, 0, 4, 3]",2315.91447972726
"[0, 1, 2, 0, 4, 4]",471444.8360644657
"[0, 1, 2, 0, 5, 0]",208.45802374905995
"[0, 1, 2, 0, 5, 1]",194.3156562431886
"[0, 1, 2, 0, 5, 2]",2826.1067006375592
"[0, 1, 2, 0, 5, 3]",5744.69349150556
"[0, 1, 2, 0, 6, 0]",8305.306016412349
"[0, 1, 2, 0, 6, 1]",2063.7195799299293
"[0, 1, 2, 0, 6, 2]",42405.89899648383
"[0, 1, 2, 0, 6, 3]",7419.990338757096
"[0, 1, 2, 0, 7, 0]",1941.2596831767407
"[0, 1, 2, 0, 7, 1]",73466.28021061854
"[0, 1, 2, 0, 8, 0]",256030.80418832242
"[0, 2, 0, 0, 0, 0]",0.025732804663340755
"[0, 2, 0, 0, 0, 1]",0.02573165515438914
"[0, 2, 0, 0, 0, 2]",0.02529723883562211
"[0, 2, 0, 0, 0, 3]",0.026517575856938026
"[0, 2, 0, 0, 0, 4]",2.150270632034943
"[0, 2, 0, 0, 0, 5]",8.443350975297545
"[0, 2, 0, 0, 0, 6]",16.77076855928753
"[0, 2, 0, 0, 0, 7]",245.62867896519464
"[0, 2, 0, 0, 0, 8]",696.5803619744273
"[0, 2, 0, 0, 0, 9]",6626.770369411723
"[0, 2, 0, 0, 0, 10]",59474.24109408042
"[0, 2, 0, 0, 0, 11]",359338.9941371507
"[0, 2, 0, 0, 0, 12]",430971.9155414716
"[0, 2, 0, 0, 1, 0]",0.034239355398561315
"[0, 2, 0, 0, 1, 1]",0.025347124107908015
"[0, 2, 0, 0, 1, 2]",0.02694869636252553
"[0, 2, 0, 0, 1, 3]",1.0518005365397063
"[0, 2, 0, 0, 1, 4]",4.833314956531131
"[0, 2, 0, 0, 1, 5]",7.233626278967357
"[0, 2, 0, 0, 1, 6]",232.07602637857252
"[0, 2, 0, 0, 1, 7]",413.01479341322994
"[0, 2, 0, 0, 1, 8]",5670.766652804931
"[0, 2, 0, 0, 1, 9]",17432.44677398608
"[0, 2, 0, 0, 1, 10]",358264.6003571783
"[0, 2, 0, 0, 1, 11]",242699.80401467753
"[0, 2, 0, 0, 2, 0]",0.024901090284737495
"[0, 2, 0, 0, 2, 1]",0.025571007045772018
"[0, 2, 0, 0, 2, 2]",0.6583945930264182
"[0, 2, 0, 0, 2, 3]",2.495886381546847
"[0, 2, 0, 0, 2, 4]",5.188944342180427
"[0, 2, 0, 0, 2, 5]",199.18195338305878
"[0, 2, 0, 0, 2, 6]",248.8287784707272
"[0, 2, 0, 0, 2, 7]",4993.784141755093
"[0, 2, 0, 0, 2, 8]",6835.943474105511
"[0, 2, 0, 0, 2, 9]",595890.7969675617
"[0, 2, 0, 0, 2, 10]",19417279.468410317
"[0, 2, 0, 0, 3, 0]",0.026128964239617202
"[0, 2, 0, 0, 3, 1]",0.16873224706806533
"[0, 2, 0, 0, 3, 2]",1.6798356098551452
"[0, 2, 0, 0, 3, 3]",3.222912148815532
"[0, 2, 0, 0, 3, 4]",130.35897671053291
"[0, 2, 0, 0, 3, 5]",244.4531453759129
"[0, 2, 0, 0, 3, 6]",4093.6567402565393
"[0, 2, 0, 0, 3, 7]",7069.133511468154
"[0, 2, 0, 0, 3, 8]",3231959.14298293
"[0, 2, 0, 0, 4, 0]",0.2670761448195474
"[0, 2, 0, 0, 4, 1]",1.5404157208454468
"[0, 2, 0, 0, 4, 2]",1.9758315521954273
"[0, 2, 0, 0, 4, 3]",118.66293530203993
"[0, 2, 0, 0, 4, 4]",241.17910396978255
"[0, 2, 0, 0, 4, 5]",4570.816510497743
"[0, 2, 0, 0, 4, 6]",7750.328662551617
"[0, 2, 0, 0, 4, 7]",130148.77357875674
"[0, 2, 0, 0, 5, 0]",1.506145080704438
"[0, 2, 0, 0, 5, 1]",1.8523252599032674
"[0, 2, 0, 0, 5, 2]",110.5708906061616
"[0, 2, 0, 0, 5, 3]",173.93606426933985
"[0, 2, 0, 0, 5, 4]",4914.804499535365
"[0, 2, 0, 0, 5, 5]",6814.332849273336
"[0, 2, 0, 0, 5, 6]",369389.55961570283
"[0, 2, 0, 0, 6, 0]",16.698742015357947
"[0, 2, 0, 0, 6, 1]",113.86375044351534
"[0, 2, 0, 0, 6, 2]",323.3878766104113
"[0, 2, 0, 0, 6, 3]",4345.131027826316
"[0, 2, 0, 0, 6, 4]",6102.286427784851
"[0, 2, 0, 0, 6, 5]",672924.8045480318
"[0, 2, 0, 0, 7, 0]",148.96363355399865
"[0, 2, 0, 0, 7, 1]",204.0524297827624
"[0, 2, 0, 0, 7, 2]",4623.710953513363
"[0, 2, 0, 0, 7, 3]",4487.121413572461
"[0, 2, 0, 0, 7, 4]",240787.93367074186
"[0, 2, 0, 0, 8, 0]",263.9729513945879
"[0, 2, 0, 0, 8, 1]",2949.7414123594444
"[0, 2, 0, 0, 8, 2]",3370.293260974516
"[0, 2, 0, 0, 8, 3]",413814.572151293
"[0, 2, 0, 0, 9, 0]",488509.064154498
"[0, 2, 0, 0, 9, 1]",2728.755297394882
"[0, 2, 0, 0, 9, 2]",1737944172.869209
"[0, 2, 0, 0, 10, 0]",3750.6667740030634
"[0, 2, 0, 0, 10, 1]",139977.08123004215
"[0, 2, 0, 0, 11, 0]",209123.37681392385
"[0, 2, 2, 0, 0, 0]",0.24157462540499497
"[0, 2, 2, 0, 0, 1]",0.31851620933165853
"[0, 2, 2, 0, 0, 2]",2.3595101165549788
"[0, 2, 2, 0, 0, 3]",17.147047727260233
"[0, 2, 2, 0, 0, 4]",29.235763315984038
"[0, 2, 2, 0, 0, 5]",1217.6905746234504
"[0, 2, 2, 0, 0, 6]",2028.8689962458584
"[0, 2, 2, 0, 0, 7]",2258812.8352932166
"[0, 2, 2, 0, 1, 0]",0.2758731467449106
"[0, 2, 2, 0, 1, 1]",3.095455344838141
"[0, 2, 2, 0, 1, 2]",16.459167896441805
"[0, 2, 2, 0, 1, 3]",52.1591478263259
"[0, 2, 2, 0, 1, 4]",1270.9339617425958
"[0, 2, 2, 0, 1, 5]",2017.3747992131023
"[0, 2, 2, 0, 1, 6]",5790758.751057951
"[0, 2, 2, 0, 2, 0]",3.231277551419833
"[0, 2, 2, 0, 2, 1]",40.97788135304227
"[0, 2, 2, 0, 2, 2]",40.32303377444889
"[0, 2, 2, 0, 2, 3]",1509.274761676642
"[0, 2, 2, 0, 2, 4]",2015.1365565274234
"[0, 2, 2, 0, 2, 5]",774944.2187075063
"[0, 2, 2, 0, 3, 0]",20.866887025339267
"[0, 2, 2, 0, 3, 1]",48.66072366267743
"[0, 2, 2, 0, 3, 2]",1404.9724408497614
"[0, 2, 2, 0, 3, 3]",1784.1226551601283
"[0, 2, 2, 0, 3, 4]",37014.57299741073
"[0, 2, 2, 0, 4, 0]",66.34566465560103
"[0, 2, 2, 0, 4, 1]",10762.286381684782
"[0, 2, 2, 0, 4, 2]",1629.0559234246016
"[0, 2, 2, 0, 4, 3]",622515.4182976378
"[0, 2, 2, 0, 5, 0]",458334.5043205824
"[0, 2, 2, 0, 5, 1]",2106.953455258828
"[0, 2, 2, 0, 5, 2]",2731078.0943060163
"[0, 2, 2, 0, 6, 0]",2676.469910542739
"[0, 3, 1, 0, 0, 0]",0.2491632911690787
"[0, 3, 1, 0, 0, 1]",0.2643373813208664
"[0, 3, 1, 0, 0, 2]",12.092280859216757
"[0, 3, 1, 0, 0, 3]",20.866488647278636
"[0, 3, 1, 0, 0, 4]",405.10077633582574
"[0, 3, 1, 0, 0, 5]",2064.8631786062115
"[0, 3, 1, 0, 0, 6]",10105.300372123509
"[0, 3, 1, 0, 0, 7]",2195370.3579998156
"[0, 3, 1, 0, 1, 0]",0.33626775129301456
"[0, 3, 1, 0, 1, 1]",14.287610877158949
"[0, 3, 1, 0, 1, 2]",25.001222192834184
"[0, 3, 1, 0, 1, 3]",204.04777360308015
"[0, 3, 1, 0, 1, 4]",1970.3544261906873
"[0, 3, 1, 0, 1, 5]",22541.501811790018
"[0, 3, 1, 0, 2, 0]",15.056246179123256
"[0, 3, 1, 0, 2, 1]",24.68214949380427
"[0, 3, 1, 0, 2, 2]",251.26910119393227
"[0, 3, 1, 0, 2, 3]",1531.7498428582824
"[0, 3, 1, 0, 2, 4]",116619.4821718439
"[0, 3, 1, 0, 3, 0]",77.31823497775866
"[0, 3, 1, 0, 3, 1]",286.2724456957543
"[0, 3, 1, 0, 3, 2]",1668.2687970989762
"[0, 3, 1, 0, 3, 3]",142248.94242289837
"[0, 3, 1, 0, 4, 0]",272.79172956205946
"[0, 3, 1, 0, 4, 1]",2089.728530407345
"[0, 3, 1, 0, 4, 2]",518014.6808567438
"[0, 3, 1, 0, 5, 0]",2937.5422201671413
"[0, 3, 1, 0, 6, 0]",35381.33591509211
"[0, 3, 2, 0, 0, 0]",14.828817166220333
"[0, 3, 2, 0, 0, 1]",18.781172727915987
"[0, 3, 2, 0, 0, 2]",4891.987209832602
"[0, 3, 2, 0, 0, 3]",470929.43492203375
"[0, 3, 2, 0, 1, 0]",51.900208757747635
"[0, 3, 2, 0, 1, 1]",3321.532261353005
"[0, 3, 2, 0, 1, 2]",404076.83959876705
"[0, 3, 2, 0, 2, 0]",3782.221998091962
"[0, 3, 2, 0, 2, 1]",175481.06799229837
"[0, 3, 3, 0, 0, 0]",727.6606560073984
"[0, 3, 3, 0, 0, 1]",1018.5028265330059
"[0, 3, 3, 0, 0, 2]",228882.5585638204
"[0, 3, 3, 0, 1, 0]",1946.2024250717745
"[0, 3, 3, 0, 1, 1]",2200376.0906072026
"[0, 3, 3, 0, 2, 0]",2055.702715597646
"[0, 3, 3, 0, 2, 1]",311496.60740180756
"[0, 3, 3, 0, 3, 0]",215815.16946507688
"[0, 4, 0, 0, 0, 0]",0.2512338740614673
"[0, 4, 0, 0, 0, 1]",0.2985425309669208
"[0, 4, 0, 0, 0, 2]",4.2662919870168
"[0, 4, 0, 0, 0, 3]",43.22581311987195
"[0, 4, 0, 0, 0, 4]",113.34810222691833
"[0, 4, 0, 0, 0, 5]",2044.683912073067
"[0, 4, 0, 0, 0, 6]",3308.7337125690565
"[0, 4, 0, 0, 0, 7]",1639146.752243066
"[0, 4, 0, 0, 1, 0]",0.3427620136505287
"[0, 4, 0, 0, 1, 1]",4.018794715541742
"[0, 4, 0, 0, 1, 2]",41.21476413044369
"[0, 4, 0, 0, 1, 3]",83.9047791455526
"[0, 4, 0, 0, 1, 4]",1723.4589356169383
"[0, 4, 0, 0, 1, 5]",2930.407256885894
"[0, 4, 0, 0, 1, 6]",57757904.43862683
"[0, 4, 0, 0, 2, 0]",3.878065692935268
"[0, 4, 0, 0, 2, 1]",24.797163126343705
"[0, 4, 0, 0, 2, 2]",48.153525019262084
"[0, 4, 0, 0, 2, 3]",2610.6610036540797
"[0, 4, 0, 0, 2, 4]",1718.520265164859
"[0, 4, 0, 0, 2, 5]",492045.2782225818
"[0, 4, 0, 0, 3, 0]",28.086157592351807
"[0, 4, 0, 0, 3, 1]",40.582144885284
"[0, 4, 0, 0, 3, 2]",1139.1771088321427
"[0, 4, 0, 0, 3, 3]",1607.3298334161211
"[0, 4, 0, 0, 3, 4]",104836.47256485085
"[0, 4, 0, 0, 4, 0]",52.18098361392716
"[0, 4, 0, 0, 4, 1]",1127.9085128229647
"[0, 4, 0, 0, 4, 2]",1650.097884796336
"[0, 4, 0, 0, 4, 3]",107088.4818721095
"[0, 4, 0, 0, 5, 0]",1561.0359761354441
"[0, 4, 0, 0, 5, 1]",2039.7850630863127
"[0, 4, 0, 0, 5, 2]",121101.54955147812
"[0, 4, 0, 0, 6, 0]",2709.264889682166
"[0, 4, 0, 0, 6, 1]",1180897.9411172427
"[0, 4, 0, 0, 7, 0]",729051902.0807346
"[0, 5, 0, 0, 0, 0]",11.40966923280149
"[0, 5, 0, 0, 0, 1]",29.80213016192418
"[0, 5, 0, 0, 0, 2]",510.41381880096645
"[0, 5, 0, 0, 0, 3]",1902.3983666591091
"[0, 5, 0, 0, 0, 4]",5228.112166116772
"[0, 5, 0, 0, 0, 5]",3282076.8331984985
"[0, 5, 0, 0, 1, 0]",18.37519339811348
"[0, 5, 0, 0, 1, 1]",731.2660192720954
"[0, 5, 0, 0, 1, 2]",2800.003400932291
"[0, 5, 0, 0, 1, 3]",29386.517604707515
"[0, 5, 0, 0, 1, 4]",188579.0107902476
"[0, 5, 0, 0, 2, 0]",542.269954659465
"[0, 5, 0, 0, 2, 1]",1905.2967245989244
"[0, 5, 0, 0, 2, 2]",37177.35602597278
"[0, 5, 0, 0, 2, 3]",375706.81476201594
"[0, 5, 0, 0, 3, 0]",2648.572820291536
"[0, 5, 0, 0, 3, 1]",660902.6955738923
"[0, 5, 0, 0, 3, 2]",253079.85473428477
"[0, 5, 0, 0, 4, 0]",13441.327651266209
"[0, 5, 0, 0, 4, 1]",317770.89993987425
"[0, 5, 0, 0, 5, 0]",4849453.339786649
"[0, 5, 1, 0, 0, 0]",4499.311825854493
"[0, 5, 1, 0, 0, 1]",163235.93072797748
"[0, 5, 1, 0, 1, 0]",296395.53639753134
"[0, 6, 0, 0, 0, 0]",4123.264476723081
"[0, 6, 0, 0, 0, 1]",101171.87093909041
"[0, 6, 0, 0, 1, 0]",353160.97577063815
"[0, 6, 0, 0, 2, 0]",3530.269805171263
"[0, 7, 0, 0, 0, 0]",152284.35647775966
"[1, 0, 0, 0, 0, 0]",1.075186447305247
"[1, 0, 0, 0, 0, 1]",0.3199752753267628
"[1, 0, 0, 0, 0, 2]",0.19970807134138183
"[1, 0, 0, 0, 0, 3]",0.1495376562245194
"[1, 0, 0, 0, 0, 4]",0.12794941125054893
"[1, 0, 0, 0, 0, 5]",0.10681621216450618
"[1, 0, 0, 0, 0, 6]",2.882524691911691
"[1, 0, 0, 0, 0, 7]",13.226681351435989
"[1, 0, 0, 0, 0, 8]",188.51511673857064
"[1, 0, 0, 0, 0, 9]",626.5088892011167
"[1, 0, 0, 0, 0, 10]",1892.8414544174861
"[1, 0, 0, 0, 0, 11]",16124.076486481277
"[1, 0, 0, 0, 0, 12]",168619.17208103734
"[1, 0, 0, 0, 0, 13]",467312.3889846924
"[1, 0, 0, 0, 0, 14]",42223690.24817823
"[1, 0, 0, 0, 1, 0]",0.3009446911442419
"[1, 0, 0, 0, 1, 1]",0.1860037790078254
"[1, 0, 0, 0, 1, 2]",0.13700509922836623
"[1, 0, 0, 0, 1, 3]",0.11327280394953347
"[1, 0, 0, 0, 1, 4]",0.09367726471383486
"[1, 0, 0, 0, 1, 5]",2.595358971690083
"[1, 0, 0, 0, 1, 6]",9.886896243432886
"[1, 0, 0, 0, 1, 7]",124.16229967455516
"[1, 0, 0, 0, 1, 8]",496.8387540602895
"[1, 0, 0, 0, 1, 9]",1812.4591407922956
"[1, 0, 0, 0, 1, 10]",16163.679886290907
"[1, 0, 0, 0, 1, 11]",112098.76993485968
"[1, 0, 0, 0, 1, 12]",286374.70808024995
"[1, 0, 0, 0, 1, 13]",4266175.791918501
"[1, 0, 0, 0, 2, 0]",0.3529972335507548
"[1, 0, 0, 0, 2, 1]",0.15249688098545633
"[1, 0, 0, 0, 2, 2]",0.1262671122554382
"[1, 0, 0, 0, 2, 3]",0.11611852211128806
"[1, 0, 0, 0, 2, 4]",3.6607836938447935
"[1, 0, 0, 0, 2, 5]",5.9450449533581455
"[1, 0, 0, 0, 2, 6]",134.72355639276023
"[1, 0, 0, 0, 2, 7]",414.02732771937843
"[1, 0, 0, 0, 2, 8]",4385.392581193626
"[1, 0, 0, 0, 2, 9]",9563.442017185118
"[1, 0, 0, 0, 2, 10]",31517.885482311853
"[1, 0, 0, 0, 2, 11]",125669.62747016989
"[1, 0, 0, 0, 2, 12]",1452151.1536336483
"[1, 0, 0, 0, 3, 0]",0.09227595173953641
"[1, 0, 0, 0, 3, 1]",0.06057277669367451
"[1, 0, 0, 0, 3, 2]",0.08747043827995765
"[1, 0, 0, 0, 3, 3]",1.9583856246870783
"[1, 0, 0, 0, 3, 4]",3.4989492888900333
"[1, 0, 0, 0, 3, 5]",55.150227733811846
"[1, 0, 0, 0, 3, 6]",343.7716396638816
"[1, 0, 0, 0, 3, 7]",2061.4860682000894
"[1, 0, 0, 0, 3, 8]",10389.170221017966
"[1, 0, 0, 0, 3, 9]",28811.965837288226
"[1, 0, 0, 0, 3, 10]",66396.74735454624
"[1, 0, 0, 0, 3, 11]",40040165996.011
"[1, 0, 0, 0, 4, 0]",0.14995140551169805
"[1, 0, 0, 0, 4, 1]",0.1297017063655758
"[1, 0, 0, 0, 4, 2]",3.83194704084878
"[1, 0, 0, 0, 4, 3]",5.190223419898698
"[1, 0, 0, 0, 4, 4]",76.2597316915307
"[1, 0, 0, 0, 4, 5]",222.8206112806503
"[1, 0, 0, 0, 4, 6]",4014.598100601039
"[1, 0, 0, 0, 4, 7]",8463.486484747682
"[1, 0, 0, 0, 4, 8]",31401.79089695885
"[1, 0, 0, 0, 4, 9]",58517.585613269504
"[1, 0, 0, 0, 4, 10]",817205944.9711512
"[1, 0, 0, 0, 5, 0]",0.1840667007464623
"[1, 0, 0, 0, 5, 1]",4.544503613323806
"[1, 0, 0, 0, 5, 2]",5.792335595181951
"[1, 0, 0, 0, 5, 3]",61.56379941344405
"[1, 0, 0, 0, 5, 4]",308.54972683957436
"[1, 0, 0, 0, 5, 5]",3744.6975754294963
"[1, 0, 0, 0, 5, 6]",9098.364421640126
"[1, 0, 0, 0, 5, 7]",20899.655947960237
"[1, 0, 0, 0, 5, 8]",41505.05543324273
"[1, 0, 0, 0, 5, 9]",5406824.689097643
"[1, 0, 0, 0, 6, 0]",4.174148927229729
"[1, 0, 0, 0, 6, 1]",6.68855564101763
"[1, 0, 0, 0, 6, 2]",154.22869583565753
"[1, 0, 0, 0, 6, 3]",315.1241028850589
"[1, 0, 0, 0, 6, 4]",3064.6042145188926
"[1, 0, 0, 0, 6, 5]",8979.67797121187
"[1, 0, 0, 0, 6, 6]",14744.509912741374
"[1, 0, 0, 0, 6, 7]",96966.9212494408
"[1, 0, 0, 0, 7, 0]",7.88449587293061
"[1, 0, 0, 0, 7, 1]",103.78093415949262
"[1, 0, 0, 0, 7, 2]",325.1701549803129
"[1, 0, 0, 0, 7, 3]",3392.5106989374285
"[1, 0, 0, 0, 7, 4]",6071.161570276775
"[1, 0, 0, 0, 7, 5]",18891.9327025736
"[1, 0, 0, 0, 7, 6]",183487.67455165242
"[1, 0, 0, 0, 7, 7]",379420.0278499991
"[1, 0, 0, 0, 8, 0]",165.91746373135425
"[1, 0, 0, 0, 8, 1]",289.7785517971253
"[1, 0, 0, 0, 8, 2]",2456.657604722555
"[1, 0, 0, 0, 8, 3]",3926.0001044205655
"[1, 0, 0, 0, 8, 4]",11089.626500458775
"[1, 0, 0, 0, 8, 5]",1395693.3824141189
"[1, 0, 0, 0, 8, 6]",62024.97263481723
"[1, 0, 0, 0, 9, 0]",536.2301043659629
"[1, 0, 0, 0, 9, 1]",1869.4776110583693
"[1, 0, 0, 0, 9, 2]",6906.74305437323
"[1, 0, 0, 0, 9, 3]",5627.188655833484
"[1, 0, 0, 0, 9, 4]",317874.2037827375
"[1, 0, 0, 0, 10, 0]",2524.0556236681537
"[1, 0, 0, 0, 10, 1]",44535.275442532606
"[1, 0, 0, 0, 10, 2]",4037.9825411076476
"[1, 0, 0, 0, 10, 3]",109385.11338982596
"[1, 0, 0, 0, 11, 0]",27320.158426542657
"[1, 0, 0, 0, 11, 1]",3458.143964514187
"[1, 0, 0, 0, 11, 2]",2159981.3962606625
"[1, 0, 0, 0, 12, 0]",3550.2800418054626
"[1, 0, 0, 0, 12, 1]",86813.29475021572
"[1, 0, 0, 0, 13, 0]",19719793057.883656
"[1, 1, 1, 0, 0, 0]",0.20635636403100716
"[1, 1, 1, 0, 0, 1]",0.1653814186492843
"[1, 1, 1, 0, 0, 2]",3.907556162738797
"[1, 1, 1, 0, 0, 3]",3.7756909227740825
"[1, 1, 1, 0, 0, 4]",55.24368543843318
"[1, 1, 1, 0, 0, 5]",211.49417961614319
"[1, 1, 1, 0, 0, 6]",4623.3097233819
"[1, 1, 1, 0, 0, 7]",7225.794054255511
"[1, 1, 1, 0, 0, 8]",6434.908863774553
"[1, 1, 1, 0, 0, 9]",274855.3975958236
"[1, 1, 1, 0, 1, 0]",0.11482157829150103
"[1, 1, 1, 0, 1, 1]",2.839996390095766
"[1, 1, 1, 0, 1, 2]",1.2337801860922883
"[1, 1, 1, 0, 1, 3]",52.979608901225426
"[1, 1, 1, 0, 1, 4]",120.91144248695034
"[1, 1, 1, 0, 1, 5]",1957.994649617786
"[1, 1, 1, 0, 1, 6]",4259.961653272615
"[1, 1, 1, 0, 1, 7]",12652.994236790251
"[1, 1, 1, 0, 1, 8]",382760.19715865003
"[1, 1, 1, 0, 2, 0]",2.831004922286082
"[1, 1, 1, 0, 2, 1]",2.720985362167569
"[1, 1, 1, 0, 2, 2]",38.434010932586276
"[1, 1, 1, 0, 2, 3]",87.2481359978128
"[1, 1, 1, 0, 2, 4]",1329.1396919090141
"[1, 1, 1, 0, 2, 5]",2942.4777003688037
"[1, 1, 1, 0, 2, 6]",19650.865433067298
"[1, 1, 1, 0, 2, 7]",1211024.5233341574
"[1, 1, 1, 0, 2, 8]",11693461556.119896
"[1, 1, 1, 0, 3, 0]",2.113612832630857
"[1, 1, 1, 0, 3, 1]",42.38933641255079
"[1, 1, 1, 0, 3, 2]",57.80711456483471
"[1, 1, 1, 0, 3, 3]",741.16193521282
"[1, 1, 1, 0, 3, 4]",2043.9967604963379
"[1, 1, 1, 0, 3, 5]",30839.38371979307
"[1, 1, 1, 0, 3, 6]",145221.4913936761
"[1, 1, 1, 0, 3, 7]",1227640.8664652526
"[1, 1, 1, 0, 4, 0]",38.53080586602987
"[1, 1, 1, 0, 4, 1]",46.74183629366917
"[1, 1, 1, 0, 4, 2]",310.3259758197112
"[1, 1, 1, 0, 4, 3]",1742.0393966209729
"[1, 1, 1, 0, 4, 4]",40980.81782472418
"[1, 1, 1, 0, 4, 5]",135549.93996206383
"[1, 1, 1, 0, 4, 6]",511384.82550231693
"[1, 1, 1, 0, 5, 0]",62.051780463110624
"[1, 1, 1, 0, 5, 1]",319.0740736690941
"[1, 1, 1, 0, 5, 2]",1516.3237054369247
"[1, 1, 1, 0, 5, 3]",32748076.309889775
"[1, 1, 1, 0, 5, 4]",33653.85344435086
"[1, 1, 1, 0, 5, 5]",110990.78210944461
"[1, 1, 1, 0, 6, 0]",336.52745627689353
"[1, 1, 1, 0, 6, 1]",3532.312736574152
"[1, 1, 1, 0, 6, 2]",30116.374292770095
"[1, 1, 1, 0, 6, 3]",24309.088165392473
"[1, 1, 1, 0, 6, 4]",1725546.64130678
"[1, 1, 1, 0, 7, 0]",1646.5852877798804
"[1, 1, 1, 0, 7, 1]",7185.589122357431
"[1, 1, 1, 0, 7, 2]",1351443.0788629516
"[1, 1, 1, 0, 8, 0]",5954.601172621448
"[1, 1, 1, 0, 8, 1]",46309.98043308412
"[1, 1, 1, 0, 9, 0]",5034.533157890541
"[1, 1, 2, 0, 0, 0]",2.5501292794874164
"[1, 1, 2, 0, 0, 1]",3.053843760753284
"[1, 1, 2, 0, 0, 2]",201.11719796096574
"[1, 1, 2, 0, 0, 3]",157.15039113169513
"[1, 1, 2, 0, 0, 4]",3036.7876916902374
"[1, 1, 2, 0, 0, 5]",5863.990027470108
"[1, 1, 2, 0, 0, 6]",115625.74823901002
"[1, 1, 2, 0, 0, 7]",26108.805830376466
"[1, 1, 2, 0, 1, 0]",2.5160384575626127
"[1, 1, 2, 0, 1, 1]",130.43018862336731
"[1, 1, 2, 0, 1, 2]",205.6020791496458
"[1, 1, 2, 0, 1, 3]",1826.2298573983558
"[1, 1, 2, 0, 1, 4]",3496.5401204397162
"[1, 1, 2, 0, 1, 5]",67723.89391281399
"[1, 1, 2, 0, 1, 6]",14048.974868566398
"[1, 1, 2, 0, 1, 7]",1183576.7877390748
"[1, 1, 2, 0, 2, 0]",121.15164189032092
"[1, 1, 2, 0, 2, 1]",136.38184276863538
"[1, 1, 2, 0, 2, 2]",1402.7195513272939
"[1, 1, 2, 0, 2, 3]",2222.2960486005036
"[1, 1, 2, 0, 2, 4]",43837.65212672039
"[1, 1, 2, 0, 2, 5]",11571.109346834375
"[1, 1, 2, 0, 2, 6]",13459738.160615416
"[1, 1, 2, 0, 3, 0]",202.4669121688602
"[1, 1, 2, 0, 3, 1]",1435.5624813412405
"[1, 1, 2, 0, 3, 2]",2916.0158976569146
"[1, 1, 2, 0, 3, 3]",46936.002580535176
"[1, 1, 2, 0, 3, 4]",55105.65536918432
"[1, 1, 2, 0, 3, 5]",333930.6793086357
"[1, 1, 2, 0, 4, 0]",5294.088728978522
"[1, 1, 2, 0, 4, 1]",3315.6315230933224
"[1, 1, 2, 0, 4, 2]",5588.703728249798
"[1, 1, 2, 0, 4, 3]",46690.05379542766
"[1, 1, 2, 0, 4, 4]",158309.8693127882
"[1, 1, 2, 0, 5, 0]",217793.6368950149
"[1, 1, 2, 0, 5, 1]",6013.417429462557
"[1, 1, 2, 0, 5, 2]",9955.335843017276
"[1, 1, 2, 0, 5, 3]",3813136.959874571
"[1, 1, 2, 0, 6, 0]",4047.079263628679
"[1, 1, 2, 0, 6, 1]",83011.185591871
"[1, 1, 2, 0, 6, 2]",144688.72461372954
"[1, 1, 2, 0, 7, 0]",9732.578869335228
"[1, 1, 3, 0, 0, 0]",8.988820300414138
"[1, 1, 3, 0, 0, 1]",19.914715146185692
"[1, 1, 3, 0, 0, 2]",2303.195874209348
"[1, 1, 3, 0, 0, 3]",2699.0700340066514
"[1, 1, 3, 0, 0, 4]",134094.02147526437
"[1, 1, 3, 0, 1, 0]",17.556934972565276
"[1, 1, 3, 0, 1, 1]",1674.1984224172295
"[1, 1, 3, 0, 1, 2]",3176.2005270830737
"[1, 1, 3, 0, 1, 3]",350669.53845882125
"[1, 1, 3, 0, 2, 0]",1436.6778864857333
"[1, 1, 3, 0, 2, 1]",3087.645318947382
"[1, 1, 3, 0, 2, 2]",913425.8274119636
"[1, 1, 3, 0, 2, 3]",84868.73849538066
"[1, 1, 3, 0, 3, 0]",5207.188400158711
"[1, 1, 3, 0, 3, 1]",16487.309774384747
"[1, 1, 3, 0, 4, 0]",5184.228569522377
"[1, 1, 3, 0, 4, 1]",66984.80629054572
"[1, 1, 3, 0, 5, 0]",174485.63530346402
"[1, 1, 4, 0, 0, 0]",4056.4064577164563
"[1, 1, 4, 0, 0, 1]",230539.70872700174
"[1, 1, 4, 0, 1, 0]",35589.699925198234
"[1, 1, 4, 0, 2, 0]",7678.862762627055
"[1, 3, 0, 0, 0, 0]",0.029713613389054108
"[1, 3, 0, 0, 0, 1]",0.4255246965606487
"[1, 3, 0, 0, 0, 2]",0.45789761420497527
"[1, 3, 0, 0, 0, 3]",22.413582597422472
"[1, 3, 0, 0, 0, 4]",17.07050678123556
"[1, 3, 0, 0, 0, 5]",1614.2253859828954
"[1, 3, 0, 0, 0, 6]",2167.984005597199
"[1, 3, 0, 0, 0, 7]",32525.44791348171
"[1, 3, 0, 0, 1, 0]",0.3966732947139705
"[1, 3, 0, 0, 1, 1]",0.34412718513384666
"[1, 3, 0, 0, 1, 2]",17.719735694655217
"[1, 3, 0, 0, 1, 3]",20.17692838439367
"[1, 3, 0, 0, 1, 4]",837.8225065199895
"[1, 3, 0, 0, 1, 5]",3113.9317334863213
"[1, 3, 0, 0, 1, 6]",26076.347002493123
"[1, 3, 0, 0, 1, 7]",250603.37732478874
"[1, 3, 0, 0, 2, 0]",0.31858708332071733
"[1, 3, 0, 0, 2, 1]",15.752297410685404
"[1, 3, 0, 0, 2, 2]",18.96362494578424
"[1, 3, 0, 0, 2, 3]",855.3079733517202
"[1, 3, 0, 0, 2, 4]",2018.7076561363708
"[1, 3, 0, 0, 2, 5]",21197.449556581258
"[1, 3, 0, 0, 2, 6]",13063055.638886375
"[1, 3, 0, 0, 3, 0]",19.9730233018683
"[1, 3, 0, 0, 3, 1]",15.982721761442825
"[1, 3, 0, 0, 3, 2]",664.6166237079572
"[1, 3, 0, 0, 3, 3]",1220.4372339532342
"[1, 3, 0, 0, 3, 4]",42808.72133323083
"[1, 3, 0, 0, 4, 0]",19.82836001528819
"[1, 3, 0, 0, 4, 1]",647.3612703510418
"[1, 3, 0, 0, 4, 2]",1194.1625343333255
"[1, 3, 0, 0, 4, 3]",132892.86175221155
"[1, 3, 0, 0, 5, 0]",720.330409359573
"[1, 3, 0, 0, 5, 1]",1076.6123801612675
"[1, 3, 0, 0, 5, 2]",287917.3002959511
"[1, 3, 0, 0, 6, 0]",1384.6688011361125
"[1, 3, 0, 0, 6, 1]",1575871.6468152895
"[1, 3, 0, 0, 7, 0]",14016222.158741087
"[1, 4, 0, 0, 0, 0]",6.108683658053475
"[1, 4, 0, 0, 0, 1]",11.874151958249325
"[1, 4, 0, 0, 0, 2]",236.46292806724264
"[1, 4, 0, 0, 0, 3]",799.3559311655498
"[1, 4, 0, 0, 0, 4]",68392.5418704351
"[1, 4, 0, 0, 0, 5]",12324892.353057165
"[1, 4, 0, 0, 1, 0]",14.146887846011888
"[1, 4, 0, 0, 1, 1]",209.944536602001
"[1, 4, 0, 0, 1, 2]",969.9091485915171
"[1, 4, 0, 0, 1, 3]",82253.91777518541
"[1, 4, 0, 0, 2, 0]",206.88339896246626
"[1, 4, 0, 0, 2, 1]",860.8850735414068
"[1, 4, 0, 0, 2, 2]",484258.9430600883
"[1, 4, 0, 0, 3, 0]",1333.0388110805475
"[1, 4, 0, 0, 3, 1]",810463.6342003542
"[1, 4, 0, 0, 4, 0]",2216827.9233217374
"[1, 4, 1, 0, 0, 0]",8.781447585115783
"[1, 4, 1, 0, 0, 1]",281.6806607283011
"[1, 4, 1, 0, 0, 2]",524.8101589309829
"[1, 4, 1, 0, 0, 3]",29921.90963603057
"[1, 4, 1, 0, 1, 0]",325.1274219186172
"[1, 4, 1, 0, 1, 1]",409.138212197622
"[1, 4, 1, 0, 1, 2]",43286.88989744996
"[1, 4, 1, 0, 2, 0]",575.69508639091
"[1, 4, 1, 0, 2, 1]",193430.8181602559
"[1, 4, 1, 0, 3, 0]",10017625.509505944
"[1, 5, 1, 0, 0, 0]",312.02442460776246
"[1, 5, 1, 0, 0, 1]",52673.55952297334
"[1, 5, 1, 0, 1, 0]",97730.52474774567
"[2, 0, 2, 0, 0, 0]",1.569809107493383
"[2, 0, 2, 0, 0, 1]",1.6765563850802936
"[2, 0, 2, 0, 0, 2]",20.187300661571225
"[2, 0, 2, 0, 0, 3]",47.45123729948204
"[2, 0, 2, 0, 0, 4]",1029.8544579735812
"[2, 0, 2, 0, 0, 5]",7568.545988696962
"[2, 0, 2, 0, 0, 6]",101246197.38416481
"[2, 0, 2, 0, 1, 0]",2.027568377686695
"[2, 0, 2, 0, 1, 1]",25.3015477806445
"[2, 0, 2, 0, 1, 2]",36.52011961053616
"[2, 0, 2, 0, 1, 3]",2427.6528470523394
"[2, 0, 2, 0, 1, 4]",6075.448493328132
"[2, 0, 2, 0, 1, 5]",49791.18648362639
"[2, 0, 2, 0, 2, 0]",17.063730171191064
"[2, 0, 2, 0, 2, 1]",40.391893099922456
"[2, 0, 2, 0, 2, 2]",1149.9520953704807
"[2, 0, 2, 0, 2, 3]",4008.4220044216736
"[2, 0, 2, 0, 2, 4]",36106.74196007969
"[2, 0, 2, 0, 3, 0]",38.16852986299823
"[2, 0, 2, 0, 3, 1]",1632.9120478214284
"[2, 0, 2, 0, 3, 2]",4898.499378470844
"[2, 0, 2, 0, 3, 3]",5165890.83781668
"[2, 0, 2, 0, 4, 0]",2255.3918506483915
"[2, 0, 2, 0, 4, 1]",5500.017943326009
"[2, 0, 2, 0, 4, 2]",800942.6845754773
"[2, 0, 2, 0, 5, 0]",4826.251296143021
"[2, 0, 2, 0, 5, 1]",1827082.7705901456
"[2, 0, 2, 0, 6, 0]",3804.290909507339
"[2, 1, 2, 0, 0, 0]",278.87807618650686
"[2, 1, 2, 0, 0, 1]",614.0889946730123
"[2, 1, 2, 0, 0, 2]",2912.889633718315
"[2, 1, 2, 0, 0, 3]",149512.69272026367
"[2, 1, 2, 0, 0, 4]",31900.537103504368
"[2, 1, 2, 0, 1, 0]",651.1042721472897
"[2, 1, 2, 0, 1, 1]",2614.1789603038287
"[2, 1, 2, 0, 1, 2]",34522.583150265986
"[2, 1, 2, 0, 1, 3]",177196.16406895831
"[2, 1, 2, 0, 2, 0]",2679.323487901318
"[2, 1, 2, 0, 2, 1]",44188.639496953794
"[2, 1, 2, 0, 2, 2]",18636.275149036086
"[2, 1, 2, 0, 2, 3]",997218.7659512254
"[2, 1, 2, 0, 3, 0]",5721.280319719222
"[2, 1, 2, 0, 3, 1]",22871.54170203704
"[2, 1, 2, 0, 3, 2]",31291304.77835832
"[2, 1, 2, 0, 4, 0]",38568367.18996018
"[2, 1, 3, 0, 0, 0]",318391.77517947386
"[2, 2, 0, 0, 0, 0]",0.2218561835129066
"[2, 2, 0, 0, 0, 1]",0.23659243326839113
"[2, 2, 0, 0, 0, 2]",10.410879321936049
"[2, 2, 0, 0, 0, 3]",19.72456229139897
"[2, 2, 0, 0, 0, 4]",200.17033340852885
"[2, 2, 0, 0, 0, 5]",1859.162397429477
"[2, 2, 0, 0, 0, 6]",14676.170476059708
"[2, 2, 0, 0, 1, 0]",0.3863402257640496
"[2, 2, 0, 0, 1, 1]",15.984700908877533
"[2, 2, 0, 0, 1, 2]",28.255690262662856
"[2, 2, 0, 0, 1, 3]",347.6767020746612
"[2, 2, 0, 0, 1, 4]",1564.1149465894896
"[2, 2, 0, 0, 1, 5]",16148.789169523468
"[2, 2, 0, 0, 2, 0]",15.514102646633242
"[2, 2, 0, 0, 2, 1]",114.59319793846718
"[2, 2, 0, 0, 2, 2]",167.27821316744155
"[2, 2, 0, 0, 2, 3]",1518.6952181226325
"[2, 2, 0, 0, 2, 4]",38280.42442270976
"[2, 2, 0, 0, 3, 0]",109.0607900647205
"[2, 2, 0, 0, 3, 1]",187.2544625616386
"[2, 2, 0, 0, 3, 2]",1542.20809927062
"[2, 2, 0, 0, 3, 3]",253665.59032577666
"[2, 2, 0, 0, 4, 0]",243.41341819336748
"[2, 2, 0, 0, 4, 1]",1929.2107011460557
"[2, 2, 0, 0, 4, 2]",644263.5167404357
"[2, 2, 0, 0, 5, 0]",1710.0992695847897
"[2, 2, 0, 0, 5, 1]",102787.383530843
"[2, 2, 0, 0, 6, 0]",11323.610855784958
"[2, 2, 1, 0, 0, 0]",24.77510850853434
"[2, 2, 1, 0, 0, 1]",26.545362961282176
"[2, 2, 1, 0, 0, 2]",1299.6968105962171
"[2, 2, 1, 0, 0, 3]",1706.3105647932753
"[2, 2, 1, 0, 0, 4]",30850.718278105443
"[2, 2, 1, 0, 0, 5]",31335.991659990188
"[2, 2, 1, 0, 1, 0]",12.976214963724221
"[2, 2, 1, 0, 1, 1]",450.3759606193557
"[2, 2, 1, 0, 1, 2]",624.8177070796271
"[2, 2, 1, 0, 1, 3]",18306.73093478332
"[2, 2, 1, 0, 1, 4]",17374.725070356828
"[2, 2, 1, 0, 1, 5]",1758784.6045197519
"[2, 2, 1, 0, 2, 0]",229.2509757589723
"[2, 2, 1, 0, 2, 1]",268.8773117113329
"[2, 2, 1, 0, 2, 2]",7535.1083960131455
"[2, 2, 1, 0, 2, 3]",8528.623700146634
"[2, 2, 1, 0, 2, 4]",1135298.0827179367
"[2, 2, 1, 0, 3, 0]",245.20753474391609
"[2, 2, 1, 0, 3, 1]",6156.595946090909
"[2, 2, 1, 0, 3, 2]",4988.141385853877
"[2, 2, 1, 0, 3, 3]",218183.800079879
"[2, 2, 1, 0, 4, 0]",3997.9253222863013
"[2, 2, 1, 0, 4, 1]",3519.048921807302
"[2, 2, 1, 0, 4, 2]",285538.33656661905
"[2, 2, 1, 0, 5, 0]",2400.462467186404
"[2, 2, 1, 0, 5, 1]",600904.9049753526
"[2, 2, 2, 0, 0, 0]",89768.21659969035
"[2, 2, 2, 0, 0, 1]",15471.991378900075
"[2, 2, 2, 0, 0, 2]",10133.408424065503
"[2, 2, 2, 0, 0, 3]",64853.94126691635
"[2, 2, 2, 0, 0, 4]",6385665.867867501
"[2, 2, 2, 0, 1, 0]",7480.51867419
"[2, 2, 2, 0, 1, 1]",4015.7887303940133
"[2, 2, 2, 0, 1, 2]",18446.045545751036
"[2, 2, 2, 0, 1, 3]",2576640.1805386045
"[2, 2, 2, 0, 2, 0]",2897.814311986386
"[2, 2, 2, 0, 2, 1]",22533.010883026196
"[2, 2, 2, 0, 2, 2]",615815.8030398871
"[2, 2, 2, 0, 3, 0]",134671.02901054788
"[2, 2, 2, 0, 3, 1]",547502.0352060116
"[2, 2, 2, 0, 4, 0]",23961565.865520142
"[2, 2, 3, 0, 0, 0]",3816.691155234211
"[2, 2, 3, 0, 0, 1]",18687.650451439953
"[2, 2, 3, 0, 0, 2]",654044.548414641
"[2, 2, 3, 0, 1, 0]",17369.84689705887
"[2, 2, 3, 0, 1, 1]",8020060.820212082
"[2, 2, 3, 0, 2, 0]",1207038.2215566998
"[3, 0, 0, 0, 0, 0]",0.01790825591042786
"[3, 0, 0, 0, 0, 1]",0.019191698522198937
"[3, 0, 0, 0, 0, 2]",1.0532126962313504
"[3, 0, 0, 0, 0, 3]",1.289590971891406
"[3, 0, 0, 0, 0, 4]",9.683139047140957
"[3, 0, 0, 0, 0, 5]",65.78767481561897
"[3, 0, 0, 0, 0, 6]",59.091138366092984
"[3, 0, 0, 0, 0, 7]",4734.925348863996
"[3, 0, 0, 0, 0, 8]",11295.642281484581
"[3, 0, 0, 0, 0, 9]",675772.2260441963
"[3, 0, 0, 0, 0, 10]",56303651.85804152
"[3, 0, 0, 0, 1, 0]",0.02106506691736081
"[3, 0, 0, 0, 1, 1]",0.867115896757645
"[3, 0, 0, 0, 1, 2]",1.1565616682700135
"[3, 0, 0, 0, 1, 3]",8.346304360534454
"[3, 0, 0, 0, 1, 4]",54.687170347681764
"[3, 0, 0, 0, 1, 5]",78.13833808778267
"[3, 0, 0, 0, 1, 6]",4858.61696177813
"[3, 0, 0, 0, 1, 7]",7940.503757053728
"[3, 0, 0, 0, 1, 8]",719133.5791399162
"[3, 0, 0, 0, 1, 9]",1838022.606652853
"[3, 0, 0, 0, 2, 0]",0.5541427551598564
"[3, 0, 0, 0, 2, 1]",0.8835700398096227
"[3, 0, 0, 0, 2, 2]",10.656499648976661
"[3, 0, 0, 0, 2, 3]",52.94959556846072
"[3, 0, 0, 0, 2, 4]",79.03728238181266
"[3, 0, 0, 0, 2, 5]",3717.825649130077
"[3, 0, 0, 0, 2, 6]",12734.385508680294
"[3, 0, 0, 0, 2, 7]",251566511.96687922
"[3, 0, 0, 0, 2, 8]",578533.5568100081
"[3, 0, 0, 0, 3, 0]",0.8170857513334999
"[3, 0, 0, 0, 3, 1]",9.331360683490953
"[3, 0, 0, 0, 3, 2]",45.780972301887424
"[3, 0, 0, 0, 3, 3]",73.52187416483056
"[3, 0, 0, 0, 3, 4]",2631.548783299231
"[3, 0, 0, 0, 3, 5]",19192.536537914675
"[3, 0, 0, 0, 3, 6]",5591451.177447642
"[3, 0, 0, 0, 3, 7]",3276199.8471262585
"[3, 0, 0, 0, 4, 0]",12.673673193271993
"[3, 0, 0, 0, 4, 1]",73.70177231683041
"[3, 0, 0, 0, 4, 2]",87.77819118503199
"[3, 0, 0, 0, 4, 3]",2221.6949959462404
"[3, 0, 0, 0, 4, 4]",821084711.8317155
"[3, 0, 0, 0, 4, 5]",80885.62791102394
"[3, 0, 0, 0, 5, 0]",169.53267524140517
"[3, 0, 0, 0, 5, 1]",562.2186781655236
"[3, 0, 0, 0, 5, 2]",781748.2306484147
"[3, 0, 0, 0, 5, 3]",223079.50461760475
"[3, 0, 0, 0, 5, 4]",222776.48227172534
"[3, 0, 0, 0, 6, 0]",232.8229324997622
"[3, 0, 0, 0, 6, 1]",3342.6558703945593
"[3, 0, 0, 0, 6, 2]",262476.41009933734
"[3, 0, 0, 0, 6, 3]",357096763.98800766
"[3, 0, 0, 0, 7, 0]",2814.9768725172066
"[3, 0, 0, 0, 7, 1]",69767.2864633937
"[3, 0, 0, 0, 7, 2]",222646.48909047863
"[3, 0, 0, 0, 8, 0]",23024.774896100465
"[3, 0, 0, 0, 8, 1]",155493.95224063785
"[3, 0, 0, 0, 9, 0]",192672.7797886321
"[3, 0, 1, 0, 0, 0]",0.986209385140429
"[3, 0, 1, 0, 0, 1]",1.0164793326270583
"[3, 0, 1, 0, 0, 2]",25.092816310760295
"[3, 0, 1, 0, 0, 3]",34.26229535695912
"[3, 0, 1, 0, 0, 4]",1346.3980711572437
"[3, 0, 1, 0, 0, 5]",7852.652645254266
"[3, 0, 1, 0, 0, 6]",46903.5568769091
"[3, 0, 1, 0, 1, 0]",1.6162087890248258
"[3, 0, 1, 0, 1, 1]",25.44359392415871
"[3, 0, 1, 0, 1, 2]",49.14349670077195
"[3, 0, 1, 0, 1, 3]",1536.0614199589868
"[3, 0, 1, 0, 1, 4]",4162.620236351656
"[3, 0, 1, 0, 1, 5]",102594.8798344962
"[3, 0, 1, 0, 2, 0]",27.89131084272211
"[3, 0, 1, 0, 2, 1]",42.50477323550436
"[3, 0, 1, 0, 2, 2]",1668.4668878439347
"[3, 0, 1, 0, 2, 3]",3552.5195289984963
"[3, 0, 1, 0, 2, 4]",86111.78971274069
"[3, 0, 1, 0, 3, 0]",51.435682321806816
"[3, 0, 1, 0, 3, 1]",2159.46386469158
"[3, 0, 1, 0, 3, 2]",4005.202270665329
"[3, 0, 1, 0, 3, 3]",5761383.969665759
"[3, 0, 1, 0, 4, 0]",2409.573631255195
"[3, 0, 1, 0, 4, 1]",5140.0047711934
"[3, 0, 1, 0, 4, 2]",736857.7895024677
"[3, 0, 1, 0, 5, 0]",7438.998372298914
"[3, 0, 1, 0, 5, 1]",5472521.333484079
"[3, 0, 2, 0, 0, 0]",3.3838384962706503
"[3, 0, 2, 0, 0, 1]",8.80846170474845
"[3, 0, 2, 0, 0, 2]",68.0048407966173
"[3, 0, 2, 0, 0, 3]",1075.2099918131896
"[3, 0, 2, 0, 0, 4]",17904.872971926878
"[3, 0, 2, 0, 0, 5]",2108089.149456443
"[3, 0, 2, 0, 1, 0]",15.59612286710644
"[3, 0, 2, 0, 1, 1]",114.27629666171916
"[3, 0, 2, 0, 1, 2]",741.9881895022173
"[3, 0, 2, 0, 1, 3]",1439399.2463711088
"[3, 0, 2, 0, 1, 4]",116457.66709301449
"[3, 0, 2, 0, 2, 0]",120.10777084209177
"[3, 0, 2, 0, 2, 1]",865.6675988100634
"[3, 0, 2, 0, 2, 2]",198895.4603742576
"[3, 0, 2, 0, 2, 3]",653508.9511517949
"[3, 0, 2, 0, 3, 0]",1212.1979981903064
"[3, 0, 2, 0, 3, 1]",39087.694306752244
"[3, 0, 2, 0, 3, 2]",137386.46065793096
"[3, 0, 2, 0, 4, 0]",13916.646649662016
"[3, 0, 2, 0, 4, 1]",24466.237768950552
"[3, 0, 2, 0, 5, 0]",229684.2464045002
"[3, 0, 3, 0, 0, 0]",14636.724473367238
"[3, 0, 3, 0, 1, 0]",2706.1939959403276
"[3, 0, 3, 0, 2, 0]",424212.303057757
"[3, 0, 4, 0, 0, 0]",630409.0016683101
"[3, 1, 1, 0, 0, 0]",4.619857775622169
"[3, 1, 1, 0, 0, 1]",13.272354547552125
"[3, 1, 1, 0, 0, 2]",1217.2816250542883
"[3, 1, 1, 0, 0, 3]",318231.5169225595
"[3, 1, 1, 0, 0, 4]",1332.7895209926362
"[3, 1, 1, 0, 0, 5]",39549.05081796963
"[3, 1, 1, 0, 0, 6]",66248.2403324531
"[3, 1, 1, 0, 1, 0]",36.92808034703269
"[3, 1, 1, 0, 1, 1]",1141.5009874857544
"[3, 1, 1, 0, 1, 2]",81944.0012880257
"[3, 1, 1, 0, 1, 3]",917.6329959308041
"[3, 1, 1, 0, 1, 4]",22542.041433029804
"[3, 1, 1, 0, 1, 5]",10249909.273068631
"[3, 1, 1, 0, 2, 0]",1249.2341406544724
"[3, 1, 1, 0, 2, 1]",16114.752800955546
"[3, 1, 1, 0, 2, 2]",600.3524753289691
"[3, 1, 1, 0, 2, 3]",48312.75397344323
"[3, 1, 1, 0, 3, 0]",798.3301843963403
"[3, 1, 1, 0, 3, 1]",702.2930238048571
"[3, 1, 1, 0, 3, 2]",97830.25140797265
"[3, 1, 1, 0, 4, 0]",912.7611183076544
"[3, 1, 1, 0, 4, 1]",918273.6580258375
"[3, 1, 1, 0, 5, 0]",4341157.338564139
"[3, 2, 0, 0, 0, 0]",12.901681171969077
"[3, 2, 0, 0, 0, 1]",43.44878776587144
"[3, 2, 0, 0, 0, 2]",2949.405125992112
"[3, 2, 0, 0, 0, 3]",37268.88894088466
"[3, 2, 0, 0, 1, 0]",38.05410597315618
"[3, 2, 0, 0, 1, 1]",3600.3235393051127
"[3, 2, 0, 0, 1, 2]",236205.22603398518
"[3, 2, 0, 0, 2, 0]",3866.2728174209474
"[3, 2, 0, 0, 2, 1]",467339.7663709527
"[3, 2, 0, 0, 3, 0]",130855.90944995836
"[3, 2, 0, 0, 3, 1]",3207.8033837614234
"[3, 2, 0, 0, 4, 0]",7359.8187941667375
"[3, 3, 0, 0, 0, 0]",56.47205157179365
"[3, 3, 0, 0, 0, 1]",476.0252087995304
"[3, 3, 0, 0, 0, 2]",26947.57388894084
"[3, 3, 0, 0, 0, 3]",627559.7844903409
"[3, 3, 0, 0, 1, 0]",589.0285007915177
"[3, 3, 0, 0, 1, 1]",372717.8419640753
"[3, 3, 0, 0, 1, 2]",170903.94004896467
"[3, 3, 0, 0, 2, 0]",308448.2886016782
"[3, 3, 0, 0, 2, 1]",421673.80714755907
"[3, 3, 0, 0, 3, 0]",858679.2792942313
"[3, 3, 2, 0, 0, 0]",189368.0741262239
"[4, 1, 1, 0, 0, 0]",16412.504321737066
"[4, 1, 1, 0, 0, 1]",1589.096057287378
"[4, 1, 1, 0, 0, 2]",274697.008373865
"[4, 1, 1, 0, 1, 0]",1881.5080604467903
"[4, 1, 1, 0, 1, 1]",1058803.3386183714
"[4, 1, 1, 0, 2, 0]",21219514.882215712
"[4, 2, 0, 0, 0, 0]",171.46561972727656
"[4, 2, 0, 0, 0, 1]",408.4191376937598
"[4, 2, 0, 0, 0, 2]",405425.2349963891
"[4, 2, 0, 0, 1, 0]",641.2522017032204
"[4, 2, 0, 0, 1, 1]",471121.430362647
"[4, 2, 0, 0, 2, 0]",323702.21204824286
"[4, 3, 0, 0, 0, 0]",893.802205571114
"[4, 3, 0, 0, 0, 1]",254269.1372997538
"[4, 3, 0, 0, 1, 0]",11257385.497433672
"[5, 0, 0, 0, 1, 1]",39.09279251591319
"[5, 0, 2, 0, 0, 0]",1128600.0605944202
"[6, 0, 0, 0, 0, 0]",493.05629606470274
"[6, 0, 0, 0, 0, 1]",1160.0319489273181
"[6, 0, 0, 0, 0, 2]",83075.4425331967
"[6, 0, 0, 0, 1, 0]",1303.8250988268771
"[6, 0, 0, 0, 1, 1]",315649.18073923927
"[6, 0, 0, 0, 2, 0]",2589148.2279457566
